time,fundingRate,markPrice
2025-10-01 00:00:00+00:00,0.00003355,113988.70000000
2025-10-01 08:00:00+00:00,0.00003457,114488.84474513
2025-10-01 16:00:00+00:00,0.00010000,117367.03486232
2025-10-02 00:00:00+00:00,0.00007784,118553.60000000
2025-10-02 08:00:00+00:00,0.00010000,118444.20000000
2025-10-02 16:00:00+00:00,0.00009543,119876.19732609
2025-10-03 00:00:00+00:00,0.00009926,120481.30000000
2025-10-03 08:00:00+00:00,0.00010000,119620.00000000
2025-10-03 16:00:00+00:00,0.00010000,122240.92339580
2025-10-04 00:00:00+00:00,0.00010000,122182.60000000
2025-10-04 08:00:00+00:00,0.00010000,122274.36980510
2025-10-04 16:00:00+00:00,0.00008312,121740.07963043
2025-10-05 00:00:00+00:00,0.00008648,122343.20000000
2025-10-05 08:00:00+00:00,0.00010000,124692.50000000
2025-10-05 16:00:00+00:00,0.00009566,122753.00000000
2025-10-06 00:00:00+00:00,0.00007672,123426.70000000
2025-10-06 08:00:00+00:00,0.00009708,123342.94168841
2025-10-06 16:00:00+00:00,0.00005831,124946.20000000
2025-10-07 00:00:00+00:00,0.00010000,124619.48490580
2025-10-07 08:00:00+00:00,0.00008608,123629.13742754
2025-10-07 16:00:00+00:00,0.00006194,121822.13839855
2025-10-08 00:00:00+00:00,0.00002542,121286.50000000
2025-10-08 08:00:00+00:00,0.00010000,121555.76018116
2025-10-08 16:00:00+00:00,0.00005396,122140.58355072
2025-10-09 00:00:00+00:00,0.00001344,123237.94232609
2025-10-09 08:00:00+00:00,0.00005350,121847.80000000
2025-10-09 16:00:00+00:00,0.00001455,121084.88746377
2025-10-10 00:00:00+00:00,0.00000785,121582.79100450
2025-10-10 08:00:00+00:00,0.00003879,120878.70000000
2025-10-10 16:00:00+00:00,0.00001013,118962.10000000
2025-10-11 00:00:00+00:00,0.00010000,112716.80000000
2025-10-11 08:00:00+00:00,0.00010000,110331.91623913
2025-10-11 16:00:00+00:00,0.00000467,111744.40000000
2025-10-12 00:00:00+00:00,-0.00003055,110579.10000000
2025-10-12 08:00:00+00:00,0.00002865,111468.10053623
2025-10-12 16:00:00+00:00,-0.00010915,113123.87871739
2025-10-13 00:00:00+00:00,-0.00003942,114894.40000000
2025-10-13 08:00:00+00:00,0.00002519,115341.80000000
2025-10-13 16:00:00+00:00,-0.00002305,114260.80000000
2025-10-14 00:00:00+00:00,-0.00004041,115112.00000000
2025-10-14 08:00:00+00:00,0.00000712,111677.04921014
2025-10-14 16:00:00+00:00,-0.00004498,112817.34618841
2025-10-15 00:00:00+00:00,-0.00005425,112984.75726812
2025-10-15 08:00:00+00:00,0.00003973,112526.11848551
2025-10-15 16:00:00+00:00,0.00000225,110757.40000000
2025-10-16 00:00:00+00:00,-0.00002741,110701.13593478
2025-10-16 08:00:00+00:00,-0.00002230,110526.82160145
2025-10-16 16:00:00+00:00,-0.00003004,108493.60663043
2025-10-17 00:00:00+00:00,-0.00000285,108132.22237681
2025-10-17 08:00:00+00:00,-0.00000634,105578.30000000
2025-10-17 16:00:00+00:00,-0.00000291,106764.91873188
2025-10-18 00:00:00+00:00,-0.00004819,106378.67421014
2025-10-18 08:00:00+00:00,-0.00006376,106642.86139855
2025-10-18 16:00:00+00:00,-0.00003681,106896.91817391
2025-10-19 00:00:00+00:00,-0.00001411,107117.50000000
2025-10-19 08:00:00+00:00,0.00001512,106733.30000000
2025-10-19 16:00:00+00:00,0.00002787,108434.79640580
2025-10-20 00:00:00+00:00,-0.00002197,108590.70000000
2025-10-20 08:00:00+00:00,-0.00000665,111144.51395652
2025-10-20 16:00:00+00:00,-0.00000018,111079.20000000
2025-10-21 00:00:00+00:00,-0.00005567,110469.90000000
2025-10-21 08:00:00+00:00,0.00002222,108040.11896377
2025-10-21 16:00:00+00:00,-0.00002506,113355.30000000
2025-10-22 00:00:00+00:00,-0.00004212,108256.95482609
2025-10-22 08:00:00+00:00,0.00002445,108285.03557721
2025-10-22 16:00:00+00:00,0.00005702,108375.00509420
2025-10-23 00:00:00+00:00,0.00008911,107532.00000000
2025-10-23 08:00:00+00:00,0.00002673,109229.94089130
2025-10-23 16:00:00+00:00,0.00003933,109849.00000000
2025-10-24 00:00:00+00:00,0.00003391,110032.13344928
2025-10-24 08:00:00+00:00,0.00001783,111014.12165942
2025-10-24 16:00:00+00:00,0.00003224,110009.80000000
2025-10-25 00:00:00+00:00,0.00005020,110965.34494203
2025-10-25 08:00:00+00:00,0.00001484,111445.40000000
2025-10-25 16:00:00+00:00,0.00005570,111341.17806667
2025-10-26 00:00:00+00:00,0.00001903,111593.32939130
2025-10-26 08:00:00+00:00,0.00000535,111672.90000000
2025-10-26 16:00:00+00:00,0.00006904,113651.89706522
2025-10-27 00:00:00+00:00,0.00010000,114505.72468116
2025-10-27 08:00:00+00:00,0.00010000,115522.40000000
2025-10-27 16:00:00+00:00,0.00007304,114914.50000000
2025-10-28 00:00:00+00:00,0.00006059,114064.10000000
2025-10-28 08:00:00+00:00,0.00007806,114132.87629710
2025-10-28 16:00:00+00:00,0.00002992,114580.10000000
2025-10-29 00:00:00+00:00,-0.00000032,112841.11893478
2025-10-29 08:00:00+00:00,0.00003588,113512.00000000
2025-10-29 16:00:00+00:00,0.00005003,111460.60000000
2025-10-30 00:00:00+00:00,0.00001097,109985.95808696
2025-10-30 08:00:00+00:00,0.00003449,111319.33959420
2025-10-30 16:00:00+00:00,0.00003562,107670.50000000
2025-10-31 00:00:00+00:00,0.00000213,108263.50000000
2025-10-31 08:00:00+00:00,0.00010000,109400.00000000
2025-10-31 16:00:00+00:00,0.00010000,110173.78203623
2025-11-01 00:00:00+00:00,0.00010000,109557.30000000
2025-11-01 08:00:00+00:00,0.00010000,110025.30000000
2025-11-01 16:00:00+00:00,0.00009782,110261.90000000
2025-11-02 00:00:00+00:00,0.00008200,110051.81800725
2025-11-02 08:00:00+00:00,0.00008150,110846.38874638
2025-11-02 16:00:00+00:00,0.00005635,110066.10000000
2025-11-03 00:00:00+00:00,0.00006098,110497.99736957
2025-11-03 08:00:00+00:00,0.00006853,107431.03320290
2025-11-03 16:00:00+00:00,0.00005329,105718.80000000
2025-11-04 00:00:00+00:00,0.00010000,106544.00000000
2025-11-04 08:00:00+00:00,0.00005808,104446.13108696
2025-11-04 16:00:00+00:00,0.00006339,103157.20000000
2025-11-05 00:00:00+00:00,0.00007132,101437.30000000
2025-11-05 08:00:00+00:00,0.00002831,101946.10000000
2025-11-05 16:00:00+00:00,0.00002816,103667.80000000
2025-11-06 00:00:00+00:00,0.00003985,103847.34145652
2025-11-06 08:00:00+00:00,0.00007916,103144.43398551
2025-11-06 16:00:00+00:00,0.00004494,101988.10000000
2025-11-07 00:00:00+00:00,0.00004705,101305.60000000
2025-11-07 08:00:00+00:00,0.00004227,101978.80000000
2025-11-07 16:00:00+00:00,0.00008631,100758.10000000
2025-11-08 00:00:00+00:00,0.00007776,103305.20000000
2025-11-08 08:00:00+00:00,0.00003047,102314.60379710
2025-11-08 16:00:00+00:00,0.00003740,101678.10000000
2025-11-09 00:00:00+00:00,-0.00001640,102269.20000000
2025-11-09 08:00:00+00:00,0.00004187,101898.20000000
2025-11-09 16:00:00+00:00,0.00008948,103717.85895652
2025-11-10 00:00:00+00:00,0.00008870,104670.70000000
2025-11-10 08:00:00+00:00,0.00007355,106421.67538406
2025-11-10 16:00:00+00:00,0.00004979,105018.03477536
2025-11-11 00:00:00+00:00,0.00002818,105966.20000000
2025-11-11 08:00:00+00:00,-0.00002775,104737.00000000
2025-11-11 16:00:00+00:00,0.00005823,103421.01242754
2025-11-12 00:00:00+00:00,0.00002462,103007.53711594
2025-11-12 08:00:00+00:00,0.00000687,103070.02844928
2025-11-12 16:00:00+00:00,0.00005786,102156.97811594
2025-11-13 00:00:00+00:00,0.00001077,101605.90000000
2025-11-13 08:00:00+00:00,0.00009352,103431.00000000
2025-11-13 16:00:00+00:00,0.00007448,101343.98608696
2025-11-14 00:00:00+00:00,0.00008569,99663.82278986
2025-11-14 08:00:00+00:00,0.00009126,97102.43884783
2025-11-14 16:00:00+00:00,0.00009078,96752.60000000
2025-11-15 00:00:00+00:00,0.00008507,94544.90000000
2025-11-15 08:00:00+00:00,0.00010000,96292.37823188
2025-11-15 16:00:00+00:00,0.00005923,96222.20000000
2025-11-16 00:00:00+00:00,0.00007745,95560.30000000
2025-11-16 08:00:00+00:00,0.00010000,96065.30980435
2025-11-16 16:00:00+00:00,0.00007060,94526.60000000
2025-11-17 00:00:00+00:00,0.00010000,94234.43224638
2025-11-17 08:00:00+00:00,0.00009568,95599.53695652
2025-11-17 16:00:00+00:00,0.00007208,93917.48474513
2025-11-18 00:00:00+00:00,0.00010000,92169.70000000
2025-11-18 08:00:00+00:00,0.00010000,90463.52234058
2025-11-18 16:00:00+00:00,0.00003725,92856.83807346
2025-11-19 00:00:00+00:00,0.00007496,92916.90000000
2025-11-19 08:00:00+00:00,0.00005012,91831.80035507
2025-11-19 16:00:00+00:00,0.00003980,89905.19610145
2025-11-20 00:00:00+00:00,0.00004259,91522.33241304
2025-11-20 08:00:00+00:00,0.00010000,92268.56732609
2025-11-20 16:00:00+00:00,0.00008999,89845.80000000
2025-11-21 00:00:00+00:00,0.00004272,86603.55317391
2025-11-21 08:00:00+00:00,0.00004524,84022.86960870
2025-11-21 16:00:00+00:00,0.00002642,82896.50000000
2025-11-22 00:00:00+00:00,0.00001373,85093.50000000
2025-11-22 08:00:00+00:00,0.00006735,84537.30000000
2025-11-22 16:00:00+00:00,0.00005057,84241.49595652
2025-11-23 00:00:00+00:00,0.00003812,84691.12791304
2025-11-23 08:00:00+00:00,0.00000153,85745.86332609
2025-11-23 16:00:00+00:00,-0.00000893,87043.56694928
2025-11-24 00:00:00+00:00,-0.00000006,86807.60000000
2025-11-24 08:00:00+00:00,-0.00000134,87004.60000000
2025-11-24 16:00:00+00:00,0.00005044,86571.90668116
2025-11-25 00:00:00+00:00,-0.00005290,88247.84814093
2025-11-25 08:00:00+00:00,0.00001996,87362.20000000
2025-11-25 16:00:00+00:00,-0.00003019,86946.50000000
2025-11-26 00:00:00+00:00,0.00004038,87324.10000000
2025-11-26 08:00:00+00:00,0.00005388,87897.61326087
2025-11-26 16:00:00+00:00,-0.00000419,86926.52760145
2025-11-27 00:00:00+00:00,-0.00002599,90440.10000000
2025-11-27 08:00:00+00:00,0.00002408,91362.62505797
2025-11-27 16:00:00+00:00,0.00004624,90913.00000000
2025-11-28 00:00:00+00:00,0.00001771,91292.57118441
2025-11-28 08:00:00+00:00,0.00006007,90877.60000000
2025-11-28 16:00:00+00:00,-0.00001703,92310.68880810
2025-11-29 00:00:00+00:00,-0.00001982,90847.80000000
2025-11-29 08:00:00+00:00,0.00001778,90523.50000000
2025-11-29 16:00:00+00:00,0.00002635,91029.90000000
2025-11-30 00:00:00+00:00,0.00006082,90765.00000000
2025-11-30 08:00:00+00:00,0.00003556,90924.60000000
2025-11-30 16:00:00+00:00,0.00003880,91411.40000000
2025-12-01 00:00:00+00:00,0.00003593,90327.18313043
2025-12-01 08:00:00+00:00,0.00003153,86498.90961019
2025-12-01 16:00:00+00:00,0.00001491,84650.79218841
2025-12-02 00:00:00+00:00,-0.00001009,86251.64706522
2025-12-02 08:00:00+00:00,0.00002643,86967.63789167
2025-12-02 16:00:00+00:00,0.00003999,90816.89870290
2025-12-03 00:00:00+00:00,-0.00001732,91249.10000000
2025-12-03 08:00:00+00:00,0.00004206,92970.00000000
2025-12-03 16:00:00+00:00,-0.00000885,92333.85671014
2025-12-04 00:00:00+00:00,-0.00000395,93381.85158696
2025-12-04 08:00:00+00:00,0.00007435,93361.06881884
2025-12-04 16:00:00+00:00,0.00003928,92945.25542029
2025-12-05 00:00:00+00:00,0.00004837,92036.81684783
2025-12-05 08:00:00+00:00,0.00004944,92219.30000000
2025-12-05 16:00:00+00:00,0.00000391,90414.13929710
2025-12-06 00:00:00+00:00,0.00003693,89288.87393478
2025-12-06 08:00:00+00:00,0.00001919,89549.60000000
2025-12-06 16:00:00+00:00,-0.00001822,89713.40000000
2025-12-07 00:00:00+00:00,0.00004192,89190.20000000
2025-12-07 08:00:00+00:00,0.00001666,89337.94880435
2025-12-07 16:00:00+00:00,0.00005212,89509.46367391
2025-12-08 00:00:00+00:00,-0.00000539,90347.07469565
2025-12-08 08:00:00+00:00,0.00006545,91519.80000000
2025-12-08 16:00:00+00:00,0.00003395,89921.35480435
2025-12-09 00:00:00+00:00,0.00000852,90610.70000000
2025-12-09 08:00:00+00:00,0.00006379,90437.50000000
2025-12-09 16:00:00+00:00,0.00005443,92667.54021739
2025-12-10 00:00:00+00:00,0.00002777,92638.30000000
2025-12-10 08:00:00+00:00,0.00001996,92744.70000000
2025-12-10 16:00:00+00:00,0.00003205,92029.50025362
2025-12-11 00:00:00+00:00,0.00002590,91981.25991304
2025-12-11 08:00:00+00:00,-0.00001577,90231.40000000
2025-12-11 16:00:00+00:00,0.00006100,89838.70794203
2025-12-12 00:00:00+00:00,0.00006914,92479.80000000
2025-12-12 08:00:00+00:00,0.00004698,92392.37302174
2025-12-12 16:00:00+00:00,0.00003383,89905.28170290
2025-12-13 00:00:00+00:00,0.00000121,90229.70000000
2025-12-13 08:00:00+00:00,0.00006020,90282.74673913
2025-12-13 16:00:00+00:00,0.00006041,90055.40000000
2025-12-14 00:00:00+00:00,0.00010000,90197.00000000
2025-12-14 08:00:00+00:00,0.00002898,90205.00000000
2025-12-14 16:00:00+00:00,0.00003773,88985.20000000
2025-12-15 00:00:00+00:00,0.00000190,88108.10000000
2025-12-15 08:00:00+00:00,-0.00000893,89703.00000000
2025-12-15 16:00:00+00:00,0.00003081,86995.88862819
2025-12-16 00:00:00+00:00,0.00007467,86389.99156522
2025-12-16 08:00:00+00:00,0.00001350,85964.20000000
2025-12-16 16:00:00+00:00,0.00004089,87940.40000000
2025-12-17 00:00:00+00:00,0.00006221,87826.30000000
2025-12-17 08:00:00+00:00,0.00008987,87010.40000000
2025-12-17 16:00:00+00:00,0.00005917,87198.30000000
2025-12-18 00:00:00+00:00,0.00006230,86206.73265942
2025-12-18 08:00:00+00:00,-0.00000867,86787.50000000
2025-12-18 16:00:00+00:00,0.00008355,88487.00000000
2025-12-19 00:00:00+00:00,0.00005491,85473.71590580
2025-12-19 08:00:00+00:00,0.00010000,87913.90000000
2025-12-19 16:00:00+00:00,0.00010000,87936.18100450
2025-12-20 00:00:00+00:00,0.00010000,88100.05310870
2025-12-20 08:00:00+00:00,0.00001234,88239.90000000
2025-12-20 16:00:00+00:00,0.00007171,88134.60000000
2025-12-21 00:00:00+00:00,0.00009682,88320.80000000
2025-12-21 08:00:00+00:00,0.00008873,88141.44790580
2025-12-21 16:00:00+00:00,0.00003977,88024.70000000
2025-12-22 00:00:00+00:00,0.00004389,88621.30000000
2025-12-22 08:00:00+00:00,0.00004524,89132.42109420
2025-12-22 16:00:00+00:00,0.00006654,89688.50000000
2025-12-23 00:00:00+00:00,0.00002633,88579.90000000
2025-12-23 08:00:00+00:00,0.00005231,87531.60234783
2025-12-23 16:00:00+00:00,0.00001795,87407.18552899
2025-12-24 00:00:00+00:00,0.00010000,87463.00000000
2025-12-24 08:00:00+00:00,0.00008455,86866.40000000
2025-12-24 16:00:00+00:00,0.00005927,87017.48463043
2025-12-25 00:00:00+00:00,0.00005953,87627.30000000
2025-12-25 08:00:00+00:00,0.00007953,87795.90000000
2025-12-25 16:00:00+00:00,0.00008322,88327.20000000
2025-12-26 00:00:00+00:00,0.00004378,87185.69548551
2025-12-26 08:00:00+00:00,0.00005427,88433.00000000
2025-12-26 16:00:00+00:00,0.00010000,87100.00000000
2025-12-27 00:00:00+00:00,0.00001809,87330.06670840
2025-12-27 08:00:00+00:00,0.00002788,87490.90000000
2025-12-27 16:00:00+00:00,0.00005850,87510.20000000
2025-12-28 00:00:00+00:00,-0.00000036,87831.96938406
2025-12-28 08:00:00+00:00,0.00007955,87697.84224167
2025-12-28 16:00:00+00:00,0.00009464,87797.60000000
2025-12-29 00:00:00+00:00,0.00010000,87920.50000000
2025-12-29 08:00:00+00:00,0.00010000,89583.00000000
2025-12-29 16:00:00+00:00,0.00004826,87643.76313043
2025-12-30 00:00:00+00:00,0.00010000,87209.04473188
2025-12-30 08:00:00+00:00,0.00004613,87457.50000000
2025-12-30 16:00:00+00:00,0.00008345,88966.80000000
2025-12-31 00:00:00+00:00,0.00002922,88455.30000000
2025-12-31 08:00:00+00:00,0.00001453,88569.00000000
2025-12-31 16:00:00+00:00,0.00003750,87909.00000000
2026-01-01 00:00:00+00:00,0.00010000,87608.30000000
2026-01-01 08:00:00+00:00,0.00010000,87603.80894203
2026-01-01 16:00:00+00:00,0.00001711,87986.80000000
2026-01-02 00:00:00+00:00,0.00005608,88799.90000000
2026-01-02 08:00:00+00:00,0.00004219,88829.20000000
2026-01-02 16:00:00+00:00,0.00004813,89373.00000000
2026-01-03 00:00:00+00:00,0.00003110,89951.89852174
2026-01-03 08:00:00+00:00,0.00001055,89535.90000000
2026-01-03 16:00:00+00:00,0.00006938,89931.80000000
2026-01-04 00:00:00+00:00,0.00009488,90595.85826667
2026-01-04 08:00:00+00:00,0.00005813,91481.74876087
2026-01-04 16:00:00+00:00,0.00004436,91295.09684783
2026-01-05 00:00:00+00:00,0.00008893,91512.43532609
2026-01-05 08:00:00+00:00,0.00005230,92492.27911544
2026-01-05 16:00:00+00:00,0.00007723,93914.99367316
2026-01-06 00:00:00+00:00,-0.00001376,93822.40000000
2026-01-06 08:00:00+00:00,0.00002816,93208.62138406
2026-01-06 16:00:00+00:00,0.00002691,93608.20000000
2026-01-07 00:00:00+00:00,0.00006582,93708.00000000
2026-01-07 08:00:00+00:00,0.00010000,92848.10000000
2026-01-07 16:00:00+00:00,0.00002885,91303.20000000
2026-01-08 00:00:00+00:00,0.00008693,91328.10000000
2026-01-08 08:00:00+00:00,0.00010000,90509.90000000
2026-01-08 16:00:00+00:00,0.00006436,90763.72410870
2026-01-09 00:00:00+00:00,-0.00002813,91059.80000000
2026-01-09 08:00:00+00:00,0.00007258,90712.20000000
2026-01-09 16:00:00+00:00,0.00000218,91137.70000000
2026-01-10 00:00:00+00:00,0.00005643,90604.03880833
2026-01-10 08:00:00+00:00,0.00007657,90627.10000000
2026-01-10 16:00:00+00:00,0.00006235,90622.70000000
2026-01-11 00:00:00+00:00,0.00008744,90469.70000000
2026-01-11 08:00:00+00:00,0.00004670,90664.86374094
2026-01-11 16:00:00+00:00,0.00001667,90834.10000000
2026-01-12 00:00:00+00:00,0.00001813,90976.60000000
2026-01-12 08:00:00+00:00,0.00002902,91369.30000000
2026-01-12 16:00:00+00:00,0.00004650,91625.10000000
2026-01-13 00:00:00+00:00,0.00002245,91254.18296377
2026-01-13 08:00:00+00:00,0.00009838,91920.87575362
2026-01-13 16:00:00+00:00,0.00003445,93407.90000000
2026-01-14 00:00:00+00:00,0.00000129,95375.20000000
2026-01-14 08:00:00+00:00,0.00002497,95170.48131159
2026-01-14 16:00:00+00:00,0.00004076,96691.90000000
2026-01-15 00:00:00+00:00,-0.00000367,96908.00000000
2026-01-15 08:00:00+00:00,0.00001749,96606.62814493
2026-01-15 16:00:00+00:00,0.00001526,96750.47456522
2026-01-16 00:00:00+00:00,0.00007340,95567.40000000
2026-01-16 08:00:00+00:00,0.00007337,95608.30000000
2026-01-16 16:00:00+00:00,0.00002495,94537.50000000
2026-01-17 00:00:00+00:00,-0.00000178,95503.70000000
2026-01-17 08:00:00+00:00,0.00003007,95061.58289855
2026-01-17 16:00:00+00:00,0.00002976,95529.00000000
2026-01-18 00:00:00+00:00,0.00003503,95108.62485833
2026-01-18 08:00:00+00:00,0.00009616,94989.90000000
2026-01-18 16:00:00+00:00,0.00006571,95072.97801667
2026-01-19 00:00:00+00:00,0.00003473,93614.00000000
2026-01-19 08:00:00+00:00,0.00001943,92788.73004348
2026-01-19 16:00:00+00:00,0.00002494,93017.11165217
2026-01-20 00:00:00+00:00,0.00009819,92590.59439855
2026-01-20 08:00:00+00:00,0.00006626,91136.10000000
2026-01-20 16:00:00+00:00,0.00005652,90652.79605072
2026-01-21 00:00:00+00:00,0.00010000,88390.60000000
2026-01-21 08:00:00+00:00,0.00006055,89180.30531159
2026-01-21 16:00:00+00:00,0.00002410,90237.20000000
2026-01-22 00:00:00+00:00,0.00006355,89419.48837681
2026-01-22 08:00:00+00:00,0.00005110,89772.50000000
2026-01-22 16:00:00+00:00,0.00009419,88978.66202899
2026-01-23 00:00:00+00:00,0.00005090,89518.50000000
2026-01-23 08:00:00+00:00,0.00003390,89509.13183333
2026-01-23 16:00:00+00:00,0.00006968,89713.00000000
2026-01-24 00:00:00+00:00,0.00001531,89558.70000000
2026-01-24 08:00:00+00:00,0.00008909,89583.14050000
2026-01-24 16:00:00+00:00,0.00003901,89237.32462519
2026-01-25 00:00:00+00:00,0.00001336,89181.09492029
2026-01-25 08:00:00+00:00,0.00008051,88630.90404348
2026-01-25 16:00:00+00:00,0.00004917,88406.00000000
2026-01-26 00:00:00+00:00,0.00004067,86629.00000000
2026-01-26 08:00:00+00:00,0.00002847,87969.00000000
2026-01-26 16:00:00+00:00,0.00005606,87609.50000000
2026-01-27 00:00:00+00:00,0.00004267,88301.36701449
2026-01-27 08:00:00+00:00,0.00006028,88290.49133841
2026-01-27 16:00:00+00:00,0.00007503,88009.15772864
2026-01-28 00:00:00+00:00,0.00006237,89203.89821739
2026-01-28 08:00:00+00:00,0.00006174,89106.90000000
2026-01-28 16:00:00+00:00,0.00003830,89446.72848576
2026-01-29 00:00:00+00:00,0.00007210,89262.92891304
2026-01-29 08:00:00+00:00,0.00005856,88310.90000000
2026-01-29 16:00:00+00:00,0.00004023,84898.27826087
2026-01-30 00:00:00+00:00,0.00004478,84617.11086232
2026-01-30 08:00:00+00:00,0.00001714,82778.82526087
2026-01-30 16:00:00+00:00,0.00000310,82853.51839855
2026-01-31 00:00:00+00:00,0.00009693,84213.96525362
2026-01-31 08:00:00+00:00,0.00003548,83514.40000000
2026-01-31 16:00:00+00:00,0.00006585,81275.68205797
2026-02-01 00:00:00+00:00,-0.00003267,78701.59597101
2026-02-01 08:00:00+00:00,0.00003421,78320.90000000
2026-02-01 16:00:00+00:00,0.00001722,77563.80000000
2026-02-02 00:00:00+00:00,0.00000068,76931.60000000
2026-02-02 08:00:00+00:00,-0.00003043,76609.90000000
2026-02-02 16:00:00+00:00,-0.00005713,78800.60000000
2026-02-03 00:00:00+00:00,-0.00002203,78698.62801349
2026-02-03 08:00:00+00:00,0.00002245,78745.60000000
2026-02-03 16:00:00+00:00,-0.00000465,78099.52176087
2026-02-04 00:00:00+00:00,0.00000119,75732.40000000
2026-02-04 08:00:00+00:00,0.00003551,76478.90000000
2026-02-04 16:00:00+00:00,0.00004618,74101.90000000
2026-02-05 00:00:00+00:00,0.00009173,73153.90000000
2026-02-05 08:00:00+00:00,0.00000298,70710.74360570
2026-02-05 16:00:00+00:00,-0.00004957,67455.49563043
2026-02-06 00:00:00+00:00,-0.00001597,62887.14150000
2026-02-06 08:00:00+00:00,-0.00013688,64791.40000000
2026-02-06 16:00:00+00:00,-0.00013478,68574.00000000
2026-02-07 00:00:00+00:00,-0.00015178,70544.40000000
2026-02-07 08:00:00+00:00,-0.00008326,68067.00000000
2026-02-07 16:00:00+00:00,-0.00002907,69122.10000000
2026-02-08 00:00:00+00:00,-0.00003403,69254.20000000
2026-02-08 08:00:00+00:00,-0.00003546,69667.50000000
2026-02-08 16:00:00+00:00,-0.00004864,71152.60000000
2026-02-09 00:00:00+00:00,-0.00003075,70304.73338406
2026-02-09 08:00:00+00:00,0.00001846,70393.40000000
2026-02-09 16:00:00+00:00,-0.00004284,69538.50000000
2026-02-10 00:00:00+00:00,-0.00008798,70110.60000000
2026-02-10 08:00:00+00:00,-0.00004829,68882.10000000
2026-02-10 16:00:00+00:00,-0.00008816,69252.90000000
2026-02-11 00:00:00+00:00,0.00001400,68805.30000000
2026-02-11 08:00:00+00:00,-0.00008417,67000.00000000
2026-02-11 16:00:00+00:00,-0.00001169,66489.40000000
2026-02-12 00:00:00+00:00,-0.00001381,67072.20000000
2026-02-12 08:00:00+00:00,0.00003499,67200.19716739
2026-02-12 16:00:00+00:00,-0.00001728,67103.70000000
2026-02-13 00:00:00+00:00,0.00005834,66243.20000000
2026-02-13 08:00:00+00:00,0.00000716,66184.59749275
2026-02-13 16:00:00+00:00,-0.00001274,68652.40000000
2026-02-14 00:00:00+00:00,0.00001291,68853.38406522
2026-02-14 08:00:00+00:00,0.00003174,69182.52364493
2026-02-14 16:00:00+00:00,-0.00003094,69754.10000000
2026-02-15 00:00:00+00:00,-0.00001068,69795.40000000
2026-02-15 08:00:00+00:00,0.00004664,70784.00000000
2026-02-15 16:00:00+00:00,-0.00002371,69068.10000000
2026-02-16 00:00:00+00:00,0.00002659,68798.30000000
2026-02-16 08:00:00+00:00,-0.00003277,68554.37742754
2026-02-16 16:00:00+00:00,-0.00004112,67505.50000000
2026-02-17 00:00:00+00:00,0.00005883,68862.55130435
2026-02-17 08:00:00+00:00,0.00002672,68353.40000000
2026-02-17 16:00:00+00:00,0.00005077,67363.50000000
2026-02-18 00:00:00+00:00,0.00003215,67475.90000000
2026-02-18 08:00:00+00:00,-0.00000141,68078.40000000
2026-02-18 16:00:00+00:00,0.00003604,67672.63710870
2026-02-19 00:00:00+00:00,-0.00004014,66430.40573913
2026-02-19 08:00:00+00:00,0.00002686,67182.87271014
2026-02-19 16:00:00+00:00,-0.00003052,66367.72373188
2026-02-20 00:00:00+00:00,0.00005365,66974.00000000
2026-02-20 08:00:00+00:00,0.00001302,67794.70000000
2026-02-20 16:00:00+00:00,-0.00000671,67551.95540580
2026-02-21 00:00:00+00:00,0.00004456,67988.82876812
2026-02-21 08:00:00+00:00,0.00002485,67821.00000000
2026-02-21 16:00:00+00:00,0.00003235,68583.28794603
2026-02-22 00:00:00+00:00,0.00000730,67958.92213768
2026-02-22 08:00:00+00:00,0.00000042,67974.33214493
2026-02-22 16:00:00+00:00,0.00004972,67660.00000000
2026-02-23 00:00:00+00:00,0.00006946,67613.60000000
2026-02-23 08:00:00+00:00,-0.00009317,65915.80000000
2026-02-23 16:00:00+00:00,0.00002251,65638.07392029
2026-02-24 00:00:00+00:00,0.00005706,64630.15072464
2026-02-24 08:00:00+00:00,-0.00001193,63164.80000000
2026-02-24 16:00:00+00:00,-0.00000182,63936.83454348
2026-02-25 00:00:00+00:00,0.00002375,64031.30000000
2026-02-25 08:00:00+00:00,0.00000033,65002.83121739
2026-02-25 16:00:00+00:00,-0.00000968,67376.31104348
2026-02-26 00:00:00+00:00,-0.00001998,67953.96802174
2026-02-26 08:00:00+00:00,-0.00001128,67799.90000000
2026-02-26 16:00:00+00:00,0.00004007,67353.40000000
2026-02-27 00:00:00+00:00,-0.00000991,67448.50202899
2026-02-27 08:00:00+00:00,-0.00008123,67650.26318841
2026-02-27 16:00:00+00:00,-0.00000656,66073.37640930
2026-02-28 00:00:00+00:00,0.00004041,65839.41943778
2026-02-28 08:00:00+00:00,-0.00003727,63790.80000000
2026-02-28 16:00:00+00:00,-0.00004305,64801.17139855
2026-03-01 00:00:00+00:00,-0.00000688,66952.93531159
2026-03-01 08:00:00+00:00,0.00004563,67113.90000000
2026-03-01 16:00:00+00:00,0.00002948,66802.60000000
2026-03-02 00:00:00+00:00,-0.00000299,65749.90000000
2026-03-02 08:00:00+00:00,-0.00001956,65981.30000000
2026-03-02 16:00:00+00:00,-0.00001083,69089.10000000
2026-03-03 00:00:00+00:00,-0.00000186,68801.80000000
2026-03-03 08:00:00+00:00,0.00001437,68138.30000000
2026-03-03 16:00:00+00:00,0.00001481,67723.07507496
2026-03-04 00:00:00+00:00,-0.00005390,68299.92479710
2026-03-04 08:00:00+00:00,0.00002520,69469.27951449
2026-03-04 16:00:00+00:00,0.00004683,73345.00000000
2026-03-05 00:00:00+00:00,0.00003567,72641.30000000
2026-03-05 08:00:00+00:00,0.00004965,72021.33210145
2026-03-05 16:00:00+00:00,0.00000174,71608.50000000
2026-03-06 00:00:00+00:00,0.00001689,70860.02442029
2026-03-06 08:00:00+00:00,-0.00003061,71026.80000000
2026-03-06 16:00:00+00:00,-0.00002176,68469.42278261
2026-03-07 00:00:00+00:00,0.00000619,68094.46161594
2026-03-07 08:00:00+00:00,0.00003525,67809.40000000
2026-03-07 16:00:00+00:00,-0.00004217,67844.90000000
2026-03-08 00:00:00+00:00,-0.00004496,67232.20000000
2026-03-08 08:00:00+00:00,-0.00001115,67287.74237681
2026-03-08 16:00:00+00:00,-0.00002868,67176.51471014
2026-03-09 00:00:00+00:00,-0.00005770,65935.34171664
2026-03-09 08:00:00+00:00,-0.00004579,67505.08897101
2026-03-09 16:00:00+00:00,-0.00003431,68842.62088406
2026-03-10 00:00:00+00:00,-0.00002394,68398.94584783
2026-03-10 08:00:00+00:00,0.00001230,70374.60000000
2026-03-10 16:00:00+00:00,0.00001738,71303.55932609
2026-03-11 00:00:00+00:00,-0.00011052,69906.39643478
2026-03-11 08:00:00+00:00,-0.00005252,69622.20000000
2026-03-11 16:00:00+00:00,-0.00005824,70186.90000000
2026-03-12 00:00:00+00:00,-0.00007802,70150.00000000
2026-03-12 08:00:00+00:00,-0.00005392,69793.59004348
2026-03-12 16:00:00+00:00,-0.00007381,70285.70086232
2026-03-13 00:00:00+00:00,-0.00002789,70487.01187681
2026-03-13 08:00:00+00:00,0.00004263,71585.20000000
2026-03-13 16:00:00+00:00,-0.00000638,71801.52278986
2026-03-14 00:00:00+00:00,-0.00000379,70895.60000000
2026-03-14 08:00:00+00:00,-0.00003988,70565.70000000
2026-03-14 16:00:00+00:00,-0.00004851,70556.44462101
2026-03-15 00:00:00+00:00,-0.00001883,71174.40000000
2026-03-15 08:00:00+00:00,-0.00006461,71421.70264618
2026-03-15 16:00:00+00:00,0.00002659,71444.50000000
2026-03-16 00:00:00+00:00,0.00002513,72778.90000000
2026-03-16 08:00:00+00:00,0.00007139,73427.80000000
2026-03-16 16:00:00+00:00,0.00002015,73241.19793478
2026-03-17 00:00:00+00:00,0.00000241,74854.37298551
2026-03-17 08:00:00+00:00,-0.00002505,74212.70000000
2026-03-17 16:00:00+00:00,-0.00001260,73882.60358696
2026-03-18 00:00:00+00:00,-0.00006569,73872.40000000
2026-03-18 08:00:00+00:00,-0.00004813,73840.08823913
2026-03-18 16:00:00+00:00,0.00002418,71438.64453523
2026-03-19 00:00:00+00:00,-0.00000974,71208.72342754
2026-03-19 08:00:00+00:00,-0.00003012,70147.53643478
2026-03-19 16:00:00+00:00,0.00001205,69372.70000000
2026-03-20 00:00:00+00:00,0.00000625,69895.06080435
2026-03-20 08:00:00+00:00,0.00000753,70811.90000000
2026-03-20 16:00:00+00:00,-0.00000223,69838.04147826
2026-03-21 00:00:00+00:00,-0.00001493,70475.05032609
2026-03-21 08:00:00+00:00,-0.00000738,70681.53331884
2026-03-21 16:00:00+00:00,0.00001093,70599.10000000
2026-03-22 00:00:00+00:00,0.00000806,68881.72855072
2026-03-22 08:00:00+00:00,-0.00004425,68884.40000000
2026-03-22 16:00:00+00:00,-0.00006837,68819.80918841
2026-03-23 00:00:00+00:00,-0.00002079,67834.34094203
2026-03-23 08:00:00+00:00,-0.00002863,68290.80000000
2026-03-23 16:00:00+00:00,0.00000160,70112.20000000
2026-03-24 00:00:00+00:00,0.00004229,70868.68562319
2026-03-24 08:00:00+00:00,0.00003675,71264.00000000
2026-03-24 16:00:00+00:00,0.00003056,69842.40000000
2026-03-25 00:00:00+00:00,0.00002310,70525.82657246
2026-03-25 08:00:00+00:00,0.00001074,70899.90000000
2026-03-25 16:00:00+00:00,0.00004721,70803.40069565
2026-03-26 00:00:00+00:00,0.00002448,71297.60000000
2026-03-26 08:00:00+00:00,0.00001379,70053.80000000
2026-03-26 16:00:00+00:00,-0.00002103,69060.70000000
2026-03-27 00:00:00+00:00,0.00002925,68788.10000000
2026-03-27 08:00:00+00:00,-0.00006298,68496.90000000
2026-03-27 16:00:00+00:00,-0.00005841,66091.90000000
2026-03-28 00:00:00+00:00,-0.00008088,66364.20000000
2026-03-28 08:00:00+00:00,-0.00007604,66523.62176812
2026-03-28 16:00:00+00:00,-0.00000173,66998.71209420
2026-03-29 00:00:00+00:00,-0.00003680,66337.79104948
2026-03-29 08:00:00+00:00,-0.00000012,66633.22935507
2026-03-29 16:00:00+00:00,0.00002677,66500.00000000
2026-03-30 00:00:00+00:00,0.00000300,65973.40000000
2026-03-30 08:00:00+00:00,0.00000492,67596.69581884
2026-03-30 16:00:00+00:00,0.00000758,67595.59310345
2026-03-31 00:00:00+00:00,0.00000116,66764.40000000
2026-03-31 08:00:00+00:00,-0.00001921,67343.90000000
2026-03-31 16:00:00+00:00,-0.00002763,66700.00000000
2026-04-01 00:00:00+00:00,-0.00003449,68243.29673913
2026-04-01 08:00:00+00:00,-0.00000461,68668.60000000
2026-04-01 16:00:00+00:00,0.00000577,68876.81806522
2026-04-02 00:00:00+00:00,0.00003521,68086.50000000
2026-04-02 08:00:00+00:00,0.00000845,66888.20861594
2026-04-02 16:00:00+00:00,-0.00007398,66819.54021739
2026-04-03 00:00:00+00:00,-0.00000831,66869.74346667
2026-04-03 08:00:00+00:00,-0.00000599,67008.70000000
2026-04-03 16:00:00+00:00,0.00000351,66809.33805072
2026-04-04 00:00:00+00:00,0.00003761,66930.00000000
2026-04-04 08:00:00+00:00,0.00004115,66983.97256934
2026-04-04 16:00:00+00:00,0.00001651,67357.30000000
2026-04-05 00:00:00+00:00,0.00002407,67271.00000000
2026-04-05 08:00:00+00:00,0.00003812,66787.40000000
2026-04-05 16:00:00+00:00,0.00001889,67278.50018741
2026-04-06 00:00:00+00:00,0.00007073,68997.40000000
2026-04-06 08:00:00+00:00,0.00005544,69087.63507246
2026-04-06 16:00:00+00:00,0.00000423,69925.85927536
2026-04-07 00:00:00+00:00,-0.00000315,68822.20000000
2026-04-07 08:00:00+00:00,0.00003703,68594.77686657
2026-04-07 16:00:00+00:00,0.00007393,68141.01094203
2026-04-08 00:00:00+00:00,0.00006020,71907.34283333
2026-04-08 08:00:00+00:00,0.00001563,71612.10000000
2026-04-08 16:00:00+00:00,0.00004048,71275.77918841
2026-04-09 00:00:00+00:00,-0.00000147,71038.10000000
2026-04-09 08:00:00+00:00,0.00005239,70945.00000000
2026-04-09 16:00:00+00:00,-0.00001986,72108.00000000
2026-04-10 00:00:00+00:00,0.00000411,71755.54984058
2026-04-10 08:00:00+00:00,0.00002458,71461.20000000
2026-04-10 16:00:00+00:00,-0.00002187,72415.70000000
2026-04-11 00:00:00+00:00,-0.00007225,72917.40000000
2026-04-11 08:00:00+00:00,-0.00006083,72707.70000000
2026-04-11 16:00:00+00:00,-0.00006755,72818.86697826
2026-04-12 00:00:00+00:00,-0.00008108,73013.40000000
2026-04-12 08:00:00+00:00,-0.00003690,71628.10000000
2026-04-12 16:00:00+00:00,-0.00000335,70856.20000000
2026-04-13 00:00:00+00:00,-0.00000234,70709.40000000
2026-04-13 08:00:00+00:00,-0.00000183,70780.10000000
2026-04-13 16:00:00+00:00,-0.00005409,71823.70000000
2026-04-14 00:00:00+00:00,-0.00005854,74386.50000000
2026-04-14 08:00:00+00:00,0.00002732,74513.40000000
2026-04-14 16:00:00+00:00,-0.00005234,75274.90000000
2026-04-15 00:00:00+00:00,-0.00009313,74106.90000000
2026-04-15 08:00:00+00:00,-0.00005085,73705.20000000
2026-04-15 16:00:00+00:00,-0.00007151,73811.00873913
2026-04-16 00:00:00+00:00,-0.00003418,74776.20000000
2026-04-16 08:00:00+00:00,-0.00002841,74667.70000000
2026-04-16 16:00:00+00:00,-0.00002225,74659.57926087
2026-04-17 00:00:00+00:00,0.00003297,75115.14794928
2026-04-17 08:00:00+00:00,0.00002781,75047.40000000
2026-04-17 16:00:00+00:00,-0.00010789,77734.40000000
2026-04-18 00:00:00+00:00,-0.00008098,77044.79824638
2026-04-18 08:00:00+00:00,-0.00007082,76952.46500725
2026-04-18 16:00:00+00:00,-0.00004586,76124.80000000
2026-04-19 00:00:00+00:00,-0.00008395,75653.80000000
2026-04-19 08:00:00+00:00,-0.00007219,75205.60000000
2026-04-19 16:00:00+00:00,-0.00012276,75807.70000000
2026-04-20 00:00:00+00:00,-0.00004615,73752.30151667
2026-04-20 08:00:00+00:00,-0.00004778,74795.50000000
2026-04-20 16:00:00+00:00,-0.00002745,75678.04248876
2026-04-21 00:00:00+00:00,-0.00007937,75791.40000000
2026-04-21 08:00:00+00:00,-0.00005824,76050.10000000
2026-04-21 16:00:00+00:00,-0.00004242,75799.90000000
2026-04-22 00:00:00+00:00,-0.00002237,76289.54071739
2026-04-22 08:00:00+00:00,0.00003560,77979.70000000
2026-04-22 16:00:00+00:00,-0.00000749,79234.20000000
2026-04-23 00:00:00+00:00,-0.00007870,78139.70000000
2026-04-23 08:00:00+00:00,-0.00003553,78009.00000000
2026-04-23 16:00:00+00:00,-0.00006696,78331.27050975
2026-04-24 00:00:00+00:00,-0.00003829,78214.80000000
2026-04-24 08:00:00+00:00,-0.00007865,77620.50000000
2026-04-24 16:00:00+00:00,-0.00003152,78007.30000000
2026-04-25 00:00:00+00:00,-0.00001077,77395.90000000
2026-04-25 08:00:00+00:00,-0.00006235,77459.90000000
2026-04-25 16:00:00+00:00,-0.00005699,77295.96852174
2026-04-26 00:00:00+00:00,0.00000241,77585.00000000
2026-04-26 08:00:00+00:00,0.00000153,78064.44689855
2026-04-26 16:00:00+00:00,0.00000195,78008.58376812
2026-04-27 00:00:00+00:00,0.00000249,78617.40000000
2026-04-27 08:00:00+00:00,-0.00008659,77556.92439855
2026-04-27 16:00:00+00:00,-0.00005678,76762.28381159
2026-04-28 00:00:00+00:00,-0.00003951,77333.17570290
2026-04-28 08:00:00+00:00,-0.00003204,76828.30000000
2026-04-28 16:00:00+00:00,0.00005242,76026.63367210
2026-04-29 00:00:00+00:00,0.00001305,76298.10000000
2026-04-29 08:00:00+00:00,-0.00002840,77007.65595652
2026-04-29 16:00:00+00:00,0.00003571,75880.57366567
2026-04-30 00:00:00+00:00,-0.00004220,75749.80000000
2026-04-30 08:00:00+00:00,-0.00001837,76130.00000000
2026-04-30 16:00:00+00:00,-0.00002904,76429.20000000
2026-05-01 00:00:00+00:00,-0.00003746,76305.50000000
2026-05-01 08:00:00+00:00,-0.00001810,77101.09816667
2026-05-01 16:00:00+00:00,-0.00003143,78424.72796268
2026-05-02 00:00:00+00:00,-0.00000822,78192.00000000
2026-05-02 08:00:00+00:00,-0.00005103,78181.60000000
2026-05-02 16:00:00+00:00,-0.00002540,78452.73851449
2026-05-03 00:00:00+00:00,0.00002290,78654.45395802
2026-05-03 08:00:00+00:00,-0.00001398,78316.50000000
2026-05-03 16:00:00+00:00,0.00000703,78627.03676124
2026-05-04 00:00:00+00:00,0.00004304,78528.90000000
2026-05-04 08:00:00+00:00,-0.00000158,79663.30000000
2026-05-04 16:00:00+00:00,-0.00003160,79981.20000000
2026-05-05 00:00:00+00:00,-0.00000383,79826.10000000
2026-05-05 08:00:00+00:00,-0.00004626,80823.36977536
2026-05-05 16:00:00+00:00,-0.00008240,81488.70000000
2026-05-06 00:00:00+00:00,-0.00009153,80861.90000000
2026-05-06 08:00:00+00:00,-0.00006150,81333.30000000
2026-05-06 16:00:00+00:00,-0.00003756,81656.94279710
2026-05-07 00:00:00+00:00,-0.00005856,81396.64037069
2026-05-07 08:00:00+00:00,-0.00004568,81484.05472464
2026-05-07 16:00:00+00:00,-0.00003014,79860.00000000
2026-05-08 00:00:00+00:00,-0.00007406,79969.40000000
2026-05-08 08:00:00+00:00,0.00002415,79644.46728986
2026-05-08 16:00:00+00:00,-0.00001542,80114.80000000
2026-05-09 00:00:00+00:00,0.00001841,80155.20000000
2026-05-09 08:00:00+00:00,-0.00003792,80182.43582759
2026-05-09 16:00:00+00:00,0.00003645,80488.40000000
2026-05-10 00:00:00+00:00,0.00000090,80633.91052174
2026-05-10 08:00:00+00:00,0.00004626,80697.26316667
2026-05-10 16:00:00+00:00,0.00005764,81383.17274363
2026-05-11 00:00:00+00:00,0.00005798,82177.70000000
2026-05-11 08:00:00+00:00,0.00002592,80708.80000000
2026-05-11 16:00:00+00:00,0.00004555,81405.16000000
2026-05-12 00:00:00+00:00,-0.00000115,81699.60136232
2026-05-12 08:00:00+00:00,0.00003877,80813.66760870
2026-05-12 16:00:00+00:00,0.00005822,80308.46289855
2026-05-13 00:00:00+00:00,0.00005367,80461.08936667
2026-05-13 08:00:00+00:00,0.00005437,80984.68281109
2026-05-13 16:00:00+00:00,0.00001749,78794.60000000
2026-05-14 00:00:00+00:00,0.00003928,79288.30000000
2026-05-14 08:00:00+00:00,0.00002928,79699.90000000
2026-05-14 16:00:00+00:00,0.00004094,81252.74053223
2026-05-15 00:00:00+00:00,-0.00004239,81048.89125937
2026-05-15 08:00:00+00:00,-0.00001893,80783.27976812
2026-05-15 16:00:00+00:00,0.00001548,79118.00000000
2026-05-16 00:00:00+00:00,0.00003938,79074.00000000
2026-05-16 08:00:00+00:00,-0.00000210,78335.57299275
2026-05-16 16:00:00+00:00,0.00004955,78194.10000000
2026-05-17 00:00:00+00:00,0.00004037,78109.17541229
2026-05-17 08:00:00+00:00,0.00001176,78138.66375362
2026-05-17 16:00:00+00:00,0.00000048,78007.00000000
2026-05-18 00:00:00+00:00,-0.00001131,77433.50000000
2026-05-18 08:00:00+00:00,0.00005778,77039.50000000
2026-05-18 16:00:00+00:00,0.00007178,76393.50000000
2026-05-19 00:00:00+00:00,0.00005164,76963.20000000
2026-05-19 08:00:00+00:00,0.00004809,77200.30000000
2026-05-19 16:00:00+00:00,0.00005563,76487.90000000
2026-05-20 00:00:00+00:00,0.00003254,76799.90000000
2026-05-20 08:00:00+00:00,0.00007983,77250.47589205
2026-05-20 16:00:00+00:00,0.00006858,77423.06879310
2026-05-21 00:00:00+00:00,0.00001925,77510.37686957
2026-05-21 08:00:00+00:00,0.00004003,77849.80779710
2026-05-21 16:00:00+00:00,0.00006130,77231.30769565
2026-05-22 00:00:00+00:00,0.00003564,77586.20000000
2026-05-22 08:00:00+00:00,-0.00000820,77366.90000000
2026-05-22 16:00:00+00:00,0.00002891,76757.66071014
2026-05-23 00:00:00+00:00,0.00001783,75507.40000000
2026-05-23 08:00:00+00:00,0.00001025,74573.20000000
2026-05-23 16:00:00+00:00,0.00007441,75490.25308696
2026-05-24 00:00:00+00:00,0.00009044,76716.21350000
2026-05-24 08:00:00+00:00,0.00006290,76771.40000000
2026-05-24 16:00:00+00:00,0.00006265,76343.80000000
2026-05-25 00:00:00+00:00,0.00006549,77023.70000000
2026-05-25 08:00:00+00:00,0.00003527,77376.90000000
2026-05-25 16:00:00+00:00,0.00001426,77587.30000000
2026-05-26 00:00:00+00:00,0.00008058,77281.70516492
2026-05-26 08:00:00+00:00,0.00003852,76689.53406667
2026-05-26 16:00:00+00:00,0.00005776,76484.29476812
2026-05-27 00:00:00+00:00,0.00010000,75901.40326957
2026-05-27 08:00:00+00:00,0.00008948,75940.84006522
2026-05-27 16:00:00+00:00,0.00009914,75300.00000000
2026-05-28 00:00:00+00:00,0.00010000,74418.00000000
2026-05-28 08:00:00+00:00,0.00005011,73467.37135507
2026-05-28 16:00:00+00:00,0.00010000,72906.82058696
2026-05-29 00:00:00+00:00,0.00010000,73591.40000000
2026-05-29 08:00:00+00:00,0.00005391,73488.10000000
2026-05-29 16:00:00+00:00,0.00006702,73779.04363768
2026-05-30 00:00:00+00:00,0.00003464,73428.20000000
2026-05-30 08:00:00+00:00,0.00004732,73516.24445833
2026-05-30 16:00:00+00:00,0.00006214,73892.79565217
2026-05-31 00:00:00+00:00,0.00004432,73856.90000000
2026-05-31 08:00:00+00:00,0.00005663,73833.30000000
2026-05-31 16:00:00+00:00,0.00005988,73613.40000000
2026-06-01 00:00:00+00:00,0.00005703,73653.56663043
2026-06-01 08:00:00+00:00,0.00004438,72779.00564493
2026-06-01 16:00:00+00:00,0.00010000,71103.48761594
2026-06-02 00:00:00+00:00,0.00010000,71391.50000000
2026-06-02 08:00:00+00:00,0.00005990,70082.59501449
2026-06-02 16:00:00+00:00,0.00008345,67276.04778261
2026-06-03 00:00:00+00:00,0.00007165,66731.44419565
2026-06-03 08:00:00+00:00,0.00005229,67191.49618116
2026-06-03 16:00:00+00:00,0.00010000,66044.30010870
2026-06-04 00:00:00+00:00,0.00002705,64117.60000000
2026-06-04 08:00:00+00:00,0.00001519,63569.71469565
2026-06-04 16:00:00+00:00,-0.00001077,63866.27556222
2026-06-05 00:00:00+00:00,0.00001315,63855.88516492
2026-06-05 08:00:00+00:00,-0.00001431,63081.00000000
2026-06-05 16:00:00+00:00,-0.00000863,60416.49210870
2026-06-06 00:00:00+00:00,-0.00001234,61029.56998551
2026-06-06 08:00:00+00:00,0.00002675,60975.10000000
2026-06-06 16:00:00+00:00,-0.00000511,60754.10000000
2026-06-07 00:00:00+00:00,-0.00002828,60851.77008696
2026-06-07 08:00:00+00:00,0.00000407,62368.05861594
2026-06-07 16:00:00+00:00,0.00002742,62071.60000000
2026-06-08 00:00:00+00:00,0.00003533,63302.74223188
2026-06-08 08:00:00+00:00,0.00003454,63259.90000000
2026-06-08 16:00:00+00:00,0.00000122,63745.30000000
2026-06-09 00:00:00+00:00,-0.00001565,63058.00000000
2026-06-09 08:00:00+00:00,0.00003041,63170.80000000
2026-06-09 16:00:00+00:00,0.00000606,61113.79051449
2026-06-10 00:00:00+00:00,0.00000365,61695.29221739
2026-06-10 08:00:00+00:00,-0.00003385,61655.56078986
2026-06-10 16:00:00+00:00,0.00002542,62604.70000000
2026-06-11 00:00:00+00:00,-0.00000811,61485.41680435
2026-06-11 08:00:00+00:00,0.00002525,62694.44563768
2026-06-11 16:00:00+00:00,0.00002736,62721.20000000
2026-06-12 00:00:00+00:00,-0.00001303,63598.00000000
2026-06-12 08:00:00+00:00,0.00002446,63066.40000000
2026-06-12 16:00:00+00:00,0.00000840,63557.10000000
2026-06-13 00:00:00+00:00,0.00005357,63546.90000000
2026-06-13 08:00:00+00:00,0.00000060,63823.90000000
2026-06-13 16:00:00+00:00,0.00000938,64265.10000000
2026-06-14 00:00:00+00:00,-0.00004510,64418.20000000
2026-06-14 08:00:00+00:00,-0.00004657,64392.71210645
2026-06-14 16:00:00+00:00,-0.00003265,63995.20000000
2026-06-15 00:00:00+00:00,0.00002808,65709.80000000
2026-06-15 08:00:00+00:00,0.00000621,65642.40000000
2026-06-15 16:00:00+00:00,-0.00006079,67247.20644203
2026-06-16 00:00:00+00:00,-0.00000428,66286.20815942
2026-06-16 08:00:00+00:00,-0.00001110,66341.80000000
2026-06-16 16:00:00+00:00,0.00000246,65841.90000000
2026-06-17 00:00:00+00:00,0.00001957,65645.03212144
2026-06-17 08:00:00+00:00,-0.00006685,65507.05555797
2026-06-17 16:00:00+00:00,-0.00002582,65714.69323913
2026-06-18 00:00:00+00:00,0.00002636,64476.94080435
2026-06-18 08:00:00+00:00,0.00001896,64472.45533333
2026-06-18 16:00:00+00:00,0.00000872,62339.40000000
2026-06-19 00:00:00+00:00,0.00006039,62924.10000000
2026-06-19 08:00:00+00:00,0.00001984,62593.69056522
2026-06-19 16:00:00+00:00,0.00002823,63193.00000000
2026-06-20 00:00:00+00:00,0.00005814,63512.60000000
2026-06-20 08:00:00+00:00,0.00002633,63624.90000000
2026-06-20 16:00:00+00:00,0.00003985,64129.20000000
2026-06-21 00:00:00+00:00,0.00000778,64275.97479710
2026-06-21 08:00:00+00:00,0.00003034,64171.31875000
2026-06-21 16:00:00+00:00,0.00004189,64200.30000000
2026-06-22 00:00:00+00:00,0.00006572,63287.10000000
2026-06-22 08:00:00+00:00,0.00001514,64188.00000000
2026-06-22 16:00:00+00:00,0.00004813,64808.00000000
2026-06-23 00:00:00+00:00,0.00004041,63990.41186957
2026-06-23 08:00:00+00:00,0.00001655,62849.20000000
2026-06-23 16:00:00+00:00,-0.00001889,62457.30000000
2026-06-24 00:00:00+00:00,0.00002154,62696.80000000
2026-06-24 08:00:00+00:00,0.00002134,62630.10000000
2026-06-24 16:00:00+00:00,0.00000027,60256.30000000
2026-06-25 00:00:00+00:00,-0.00001423,61051.20000000
2026-06-25 08:00:00+00:00,-0.00001803,61886.70000000
2026-06-25 16:00:00+00:00,0.00001580,59532.80000000
2026-06-26 00:00:00+00:00,0.00005298,59769.90000000
2026-06-26 08:00:00+00:00,0.00005904,60501.93606522
2026-06-26 16:00:00+00:00,0.00007308,60300.50000000
2026-06-27 00:00:00+00:00,0.00005255,60072.00000000
2026-06-27 08:00:00+00:00,0.00004284,60521.80000000
2026-06-27 16:00:00+00:00,0.00003742,60817.30000000
2026-06-28 00:00:00+00:00,0.00004258,60000.40000000
2026-06-28 08:00:00+00:00,0.00001355,60192.50000000
2026-06-28 16:00:00+00:00,0.00004430,59854.54542754
2026-06-29 00:00:00+00:00,0.00003112,59550.30000000
2026-06-29 08:00:00+00:00,0.00007444,60001.22944928
2026-06-29 16:00:00+00:00,0.00008658,59800.20000000
2026-06-30 00:00:00+00:00,0.00006175,60229.35621014
2026-06-30 08:00:00+00:00,0.00008349,59498.43484058
2026-06-30 16:00:00+00:00,0.00003327,58356.63620290
2026-07-01 00:00:00+00:00,0.00005532,58605.50000000
2026-07-01 08:00:00+00:00,0.00001853,58744.40000000
2026-07-01 16:00:00+00:00,0.00007073,60120.69034783
2026-07-02 00:00:00+00:00,0.00008001,59999.60000000
2026-07-02 08:00:00+00:00,0.00005238,60126.10000000
2026-07-02 16:00:00+00:00,0.00005261,61583.70000000
2026-07-03 00:00:00+00:00,0.00010000,61540.74072464
2026-07-03 08:00:00+00:00,0.00010000,61733.60000000
2026-07-03 16:00:00+00:00,0.00003740,61895.70140580
2026-07-04 00:00:00+00:00,0.00010000,62570.25216667
2026-07-04 08:00:00+00:00,0.00010000,62549.30000000
2026-07-04 16:00:00+00:00,0.00009480,62914.35025362
2026-07-05 00:00:00+00:00,0.00009533,63114.80000000
2026-07-05 08:00:00+00:00,0.00008873,62997.87521014
2026-07-05 16:00:00+00:00,0.00008608,62712.00000000
2026-07-06 00:00:00+00:00,0.00007700,63625.51176812
2026-07-06 08:00:00+00:00,0.00006120,63064.50000000
2026-07-06 16:00:00+00:00,0.00010000,63523.10000000
2026-07-07 00:00:00+00:00,0.00010000,64023.50000000
2026-07-07 08:00:00+00:00,0.00005792,63062.70000000
2026-07-07 16:00:00+00:00,0.00006825,63909.90000000
2026-07-08 00:00:00+00:00,0.00004846,63331.20000000
2026-07-08 08:00:00+00:00,0.00000724,62857.18618116
2026-07-08 16:00:00+00:00,0.00007171,61683.73416792
2026-07-09 00:00:00+00:00,0.00006160,62257.50000000
2026-07-09 08:00:00+00:00,0.00006615,62973.70000000
2026-07-09 16:00:00+00:00,0.00004912,62837.77481884
2026-07-10 00:00:00+00:00,0.00009058,63197.36055797
2026-07-10 08:00:00+00:00,0.00007247,63956.10000000
2026-07-10 16:00:00+00:00,0.00009508,64023.10000000
2026-07-11 00:00:00+00:00,0.00010000,64129.40000000
2026-07-11 08:00:00+00:00,0.00000942,64132.60000000
2026-07-11 16:00:00+00:00,0.00004156,64142.50822464
2026-07-12 00:00:00+00:00,0.00004651,63787.76113043
2026-07-12 08:00:00+00:00,0.00006315,63856.50000000
2026-07-12 16:00:00+00:00,0.00007578,64150.28418841
2026-07-13 00:00:00+00:00,0.00001521,63750.00000000
2026-07-13 08:00:00+00:00,0.00004856,62952.80000000
2026-07-13 16:00:00+00:00,0.00010000,62603.79932609
2026-07-14 00:00:00+00:00,0.00008256,62307.00000000
2026-07-14 08:00:00+00:00,0.00003489,62529.70000000
2026-07-14 16:00:00+00:00,0.00005590,64727.50000000
2026-07-15 00:00:00+00:00,0.00010000,65017.64591304
2026-07-15 08:00:00+00:00,0.00010000,64530.40087681
2026-07-15 16:00:00+00:00,0.00004457,65392.88324638
2026-07-16 00:00:00+00:00,0.00002426,64722.22011994
2026-07-16 08:00:00+00:00,0.00007584,64204.49819340
2026-07-16 16:00:00+00:00,0.00006102,64677.70000000
2026-07-17 00:00:00+00:00,0.00007639,63803.90949275
2026-07-17 08:00:00+00:00,0.00001520,62792.80000000
2026-07-17 16:00:00+00:00,0.00006045,63432.50000000
2026-07-18 00:00:00+00:00,0.00003074,63910.00000000
2026-07-18 08:00:00+00:00,0.00006955,63987.03769565
2026-07-18 16:00:00+00:00,0.00003326,64090.00000000
2026-07-19 00:00:00+00:00,0.00000406,64806.70000000
2026-07-19 08:00:00+00:00,0.00006905,64692.20000000
2026-07-19 16:00:00+00:00,0.00005235,64552.28368841
2026-07-20 00:00:00+00:00,0.00004890,64694.80000000
2026-07-20 08:00:00+00:00,0.00005278,64250.00000000
2026-07-20 16:00:00+00:00,0.00006518,65573.71997826
2026-07-21 00:00:00+00:00,0.00005400,65227.17129710
2026-07-21 08:00:00+00:00,0.00008926,66168.77917391
2026-07-21 16:00:00+00:00,0.00001894,66648.50000000
2026-07-22 00:00:00+00:00,0.00003928,66522.40000000
2026-07-22 08:00:00+00:00,0.00005448,65813.40000000
2026-07-22 16:00:00+00:00,0.00001443,66016.32605797
2026-07-23 00:00:00+00:00,-0.00000343,66084.47942754
2026-07-23 08:00:00+00:00,0.00000271,65405.48600725
2026-07-23 16:00:00+00:00,0.00008458,64940.40000000
2026-07-24 00:00:00+00:00,0.00007598,65069.66000000
2026-07-24 08:00:00+00:00,0.00005149,65470.00000000
2026-07-24 16:00:00+00:00,0.00005879,64068.70000000
2026-07-25 00:00:00+00:00,0.00006074,64116.50000000
2026-07-25 08:00:00+00:00,0.00005425,63973.15203623
2026-07-25 16:00:00+00:00,0.00000729,64150.04885307
2026-07-26 00:00:00+00:00,0.00003878,64343.23160870
2026-07-26 08:00:00+00:00,0.00005884,64342.45993478
2026-07-26 16:00:00+00:00,0.00005819,64733.60000000
2026-07-27 00:00:00+00:00,0.00006147,65375.10000000
2026-07-27 08:00:00+00:00,0.00006452,65196.20985507
2026-07-27 16:00:00+00:00,0.00005040,64519.25484058
2026-07-28 00:00:00+00:00,0.00004208,63721.92718141
2026-07-28 08:00:00+00:00,0.00000125,63476.80000000
2026-07-28 16:00:00+00:00,0.00006689,63903.52981159
2026-07-29 00:00:00+00:00,0.00010000,63903.60000000
2026-07-29 08:00:00+00:00,0.00010000,64534.35597101
2026-07-29 16:00:00+00:00,0.00003665,63950.19280435
2026-07-30 00:00:00+00:00,0.00008462,63959.00000000
2026-07-30 08:00:00+00:00,0.00007278,63984.18229710
2026-07-30 16:00:00+00:00,0.00009029,64698.14499275
2026-07-31 00:00:00+00:00,0.00010000,64750.50672464
2026-07-31 08:00:00+00:00,0.00009405,63912.47940580
2026-07-31 16:00:00+00:00,0.00005664,62696.71869565
2026-08-01 00:00:00+00:00,0.00004123,62859.90000000
2026-08-01 08:00:00+00:00,0.00003163,63019.60000000
2026-08-01 16:00:00+00:00,0.00003545,62976.40000000
2026-08-02 00:00:00+00:00,0.00004530,62792.30000000
2026-08-02 08:00:00+00:00,0.00008943,63468.10000000
2026-08-02 16:00:00+00:00,0.00007707,63081.60000000
2026-08-03 00:00:00+00:00,0.00010000,63549.90000000
2026-08-03 08:00:00+00:00,0.00006364,62591.00000000
2026-08-03 16:00:00+00:00,0.00002474,63664.89705072
2026-08-04 00:00:00+00:00,0.00003081,63497.20000000
2026-08-04 08:00:00+00:00,0.00006248,63666.40000000
2026-08-04 16:00:00+00:00,0.00007684,64093.54490580
2026-08-05 00:00:00+00:00,0.00001674,64075.50000000
2026-08-05 08:00:00+00:00,0.00001015,64141.00000000
2026-08-05 16:00:00+00:00,0.00002676,64353.50000000
2026-08-06 00:00:00+00:00,0.00006595,64633.90000000
2026-08-06 08:00:00+00:00,0.00002632,64789.40000000
2026-08-06 16:00:00+00:00,0.00005939,64604.20000000
2026-08-07 00:00:00+00:00,0.00000799,64300.00000000
2026-08-07 08:00:00+00:00,0.00004574,64290.58485507
2026-08-07 16:00:00+00:00,0.00006308,64885.50000000
2026-08-08 00:00:00+00:00,0.00005557,64885.44786232
2026-08-08 08:00:00+00:00,0.00005417,64936.30000000
2026-08-08 16:00:00+00:00,0.00005801,65049.72578986
2026-08-09 00:00:00+00:00,0.00004423,64928.89433333
2026-08-09 08:00:00+00:00,0.00006667,64793.70000000
2026-08-09 16:00:00+00:00,0.00007054,65207.70000000
2026-08-10 00:00:00+00:00,0.00007497,64869.50227536
2026-08-10 08:00:00+00:00,0.00007908,65183.48407971
2026-08-10 16:00:00+00:00,0.00005057,64272.42528261
2026-08-11 00:00:00+00:00,0.00002301,63939.20000000
2026-08-11 08:00:00+00:00,0.00001962,64033.28871739
2026-08-11 16:00:00+00:00,0.00008282,63585.55679710
2026-08-12 00:00:00+00:00,0.00010000,63572.00000000
2026-08-12 08:00:00+00:00,0.00008568,63810.89568841
2026-08-12 16:00:00+00:00,0.00006601,63422.43823913
2026-08-13 00:00:00+00:00,0.00006576,63454.70000000
2026-08-13 08:00:00+00:00,0.00007218,63833.46161594
2026-08-13 16:00:00+00:00,0.00007841,63387.03971514
2026-08-14 00:00:00+00:00,0.00008545,63455.99486957
2026-08-14 08:00:00+00:00,0.00005999,62888.10000000
2026-08-14 16:00:00+00:00,0.00000629,62961.99943478
2026-08-15 00:00:00+00:00,0.00006801,63015.07685507
2026-08-15 08:00:00+00:00,0.00006523,63050.01692754
2026-08-15 16:00:00+00:00,0.00005311,63068.06537681
2026-08-16 00:00:00+00:00,0.00000966,63053.96633333
2026-08-16 08:00:00+00:00,0.00001839,63034.83995833
2026-08-16 16:00:00+00:00,0.00005000,63114.26984783
2026-08-17 00:00:00+00:00,0.00003818,62876.00000000
2026-08-17 08:00:00+00:00,0.00007131,63495.97863568
2026-08-17 16:00:00+00:00,0.00009202,64169.80000000
2026-08-18 00:00:00+00:00,0.00005164,64504.10000000
2026-08-18 08:00:00+00:00,0.00005020,64171.00199275
2026-08-18 16:00:00+00:00,0.00003650,64823.80000000
2026-08-19 00:00:00+00:00,0.00001617,64694.00000000
2026-08-19 08:00:00+00:00,0.00003815,64267.18334783
2026-08-19 16:00:00+00:00,0.00010000,68544.29486232
2026-08-20 00:00:00+00:00,0.00009655,69320.78060870
2026-08-20 08:00:00+00:00,0.00010000,69820.24279610
2026-08-20 16:00:00+00:00,0.00009422,72432.47980435
2026-08-21 00:00:00+00:00,0.00004964,72998.70000000
2026-08-21 08:00:00+00:00,0.00005814,76319.02847826
2026-08-21 16:00:00+00:00,0.00010000,77221.90043478
2026-08-22 00:00:00+00:00,0.00010000,78309.00000000
2026-08-22 08:00:00+00:00,0.00010000,77286.70000000
2026-08-22 16:00:00+00:00,0.00010000,76995.16521739
2026-08-23 00:00:00+00:00,0.00010000,77084.01150675
2026-08-23 08:00:00+00:00,0.00010000,76015.82505072
2026-08-23 16:00:00+00:00,0.00010000,77128.59832084
2026-08-24 00:00:00+00:00,0.00010000,77710.80000000
2026-08-24 08:00:00+00:00,0.00010000,77292.21472264
2026-08-24 16:00:00+00:00,0.00010000,79065.60000000
2026-08-25 00:00:00+00:00,0.00005818,78953.00000000
2026-08-25 08:00:00+00:00,0.00010000,79668.15473913
2026-08-25 16:00:00+00:00,0.00010000,79464.07655072
2026-08-26 00:00:00+00:00,0.00007734,78505.40000000
2026-08-26 08:00:00+00:00,0.00005927,78888.36194203
2026-08-26 16:00:00+00:00,0.00007091,77980.60000000
2026-08-27 00:00:00+00:00,0.00004595,78994.90523913
2026-08-27 08:00:00+00:00,0.00010000,79059.04402899
2026-08-27 16:00:00+00:00,0.00006331,80273.60000000
2026-08-28 00:00:00+00:00,0.00006578,80209.56009420
2026-08-28 08:00:00+00:00,0.00010000,79645.60000000
2026-08-28 16:00:00+00:00,0.00005913,78308.90000000
2026-08-29 00:00:00+00:00,0.00010000,77806.12043478
2026-08-29 08:00:00+00:00,0.00010000,77597.93110145
2026-08-29 16:00:00+00:00,0.00010000,77826.43323913
2026-08-30 00:00:00+00:00,0.00008283,78201.64952174
2026-08-30 08:00:00+00:00,0.00010000,78081.33333333
2026-08-30 16:00:00+00:00,0.00007058,78791.20000000
2026-08-31 00:00:00+00:00,0.00007271,77646.74759420
2026-08-31 08:00:00+00:00,0.00010000,78168.28305797
2026-08-31 16:00:00+00:00,0.00010000,78544.30412319
2026-09-01 00:00:00+00:00,0.00008482,78549.60000000
2026-09-01 08:00:00+00:00,0.00010000,78600.20000000
2026-09-01 16:00:00+00:00,0.00003844,77881.57400725
2026-09-02 00:00:00+00:00,0.00007995,77403.12535507
2026-09-02 08:00:00+00:00,0.00007998,77444.80000000
2026-09-02 16:00:00+00:00,0.00003819,77250.98157246
2026-09-03 00:00:00+00:00,0.00007287,77301.45594203
2026-09-03 08:00:00+00:00,0.00005866,77622.37865217
2026-09-03 16:00:00+00:00,0.00008893,81316.70000000
2026-09-04 00:00:00+00:00,0.00008558,81234.45807246
2026-09-04 08:00:00+00:00,0.00006498,80628.00000000
2026-09-04 16:00:00+00:00,0.00004455,79385.72840330
2026-09-05 00:00:00+00:00,0.00001014,79616.14968116
2026-09-05 08:00:00+00:00,-0.00000150,79673.05430435
2026-09-05 16:00:00+00:00,0.00001923,79762.59457971
2026-09-06 00:00:00+00:00,0.00003589,79797.70000000
2026-09-06 08:00:00+00:00,0.00002295,79772.53402174
2026-09-06 16:00:00+00:00,0.00002813,79677.80000000
2026-09-07 00:00:00+00:00,0.00002792,80303.33555472
2026-09-07 08:00:00+00:00,0.00003113,79355.30000000
2026-09-07 16:00:00+00:00,0.00002185,78776.74225362
2026-09-08 00:00:00+00:00,0.00004542,79075.90000000
2026-09-08 08:00:00+00:00,0.00008180,78445.10000000
2026-09-08 16:00:00+00:00,0.00009029,78870.10000000
2026-09-09 00:00:00+00:00,0.00004876,78426.33502174
2026-09-09 08:00:00+00:00,0.00009012,79246.63936957
2026-09-09 16:00:00+00:00,0.00004815,78569.90000000
2026-09-10 00:00:00+00:00,0.00003562,78268.94292754
2026-09-10 08:00:00+00:00,0.00007869,78071.11828261
2026-09-10 16:00:00+00:00,0.00007199,77218.50000000
2026-09-11 00:00:00+00:00,0.00003006,76535.70000000
2026-09-11 08:00:00+00:00,0.00006122,77188.20000000
2026-09-11 16:00:00+00:00,0.00003593,77694.81740580
2026-09-12 00:00:00+00:00,0.00006093,77192.01649275
2026-09-12 08:00:00+00:00,0.00004334,77236.90000000
2026-09-12 16:00:00+00:00,0.00005169,77343.70000000
2026-09-13 00:00:00+00:00,0.00004788,77251.00000000
2026-09-13 08:00:00+00:00,0.00005390,77089.71050000
2026-09-13 16:00:00+00:00,0.00006450,77098.13656672
2026-09-14 00:00:00+00:00,0.00007157,76808.60063043
2026-09-14 08:00:00+00:00,0.00008037,77854.00000000
2026-09-14 16:00:00+00:00,0.00004220,78543.10000000
2026-09-15 00:00:00+00:00,0.00003563,78178.30000000
2026-09-15 08:00:00+00:00,0.00006188,76907.97183333
2026-09-15 16:00:00+00:00,0.00009812,76473.70000000
2026-09-16 00:00:00+00:00,0.00003951,75600.00000000
2026-09-16 08:00:00+00:00,0.00002788,75726.00000000
2026-09-16 16:00:00+00:00,0.00005258,75753.60000000
2026-09-17 00:00:00+00:00,0.00009351,76174.50000000
2026-09-17 08:00:00+00:00,0.00003310,76433.10000000
2026-09-17 16:00:00+00:00,0.00008505,76755.70000000
2026-09-18 00:00:00+00:00,0.00007769,76385.90000000
2026-09-18 08:00:00+00:00,0.00007903,77776.00000000
2026-09-18 16:00:00+00:00,0.00006853,80688.80000000
2026-09-19 00:00:00+00:00,0.00006643,80863.00000000
2026-09-19 08:00:00+00:00,0.00010000,81070.67234058
2026-09-19 16:00:00+00:00,0.00010000,81609.10000000
2026-09-20 00:00:00+00:00,0.00010000,81225.60000000
2026-09-20 08:00:00+00:00,0.00010000,80286.42000750
2026-09-20 16:00:00+00:00,0.00007524,80873.40115942
2026-09-21 00:00:00+00:00,0.00004200,81143.94478986
2026-09-21 08:00:00+00:00,0.00010000,81699.90000000
2026-09-21 16:00:00+00:00,0.00005485,85878.15870290
2026-09-22 00:00:00+00:00,0.00007663,86584.61502174
2026-09-22 08:00:00+00:00,0.00010000,85324.70000000
2026-09-22 16:00:00+00:00,0.00002784,86367.50000000
2026-09-23 00:00:00+00:00,0.00001021,86161.48418116
2026-09-23 08:00:00+00:00,0.00000334,86100.00000000
2026-09-23 16:00:00+00:00,0.00001286,83965.70000000
2026-09-24 00:00:00+00:00,0.00000132,84355.10000000
2026-09-24 08:00:00+00:00,0.00004796,84472.24256522
2026-09-24 16:00:00+00:00,0.00001422,84374.30000000
2026-09-25 00:00:00+00:00,0.00000214,84370.00000000
2026-09-25 08:00:00+00:00,0.00003512,83994.60000000
2026-09-25 16:00:00+00:00,-0.00000574,83767.10000000
2026-09-26 00:00:00+00:00,0.00000769,84056.00000000
2026-09-26 08:00:00+00:00,0.00004930,84075.83353073
2026-09-26 16:00:00+00:00,-0.00000545,84112.50000000
2026-09-27 00:00:00+00:00,0.00004703,84413.26195652
2026-09-27 08:00:00+00:00,0.00001449,84758.97941304
2026-09-27 16:00:00+00:00,0.00001051,84427.00000000
2026-09-28 00:00:00+00:00,0.00001987,84432.90000000
2026-09-28 08:00:00+00:00,-0.00002585,82924.82276612
2026-09-28 16:00:00+00:00,0.00006501,83353.33208696
2026-09-29 00:00:00+00:00,0.00003836,83461.00000000
2026-09-29 08:00:00+00:00,0.00006798,83949.59453523
2026-09-29 16:00:00+00:00,0.00001399,83039.30000000
2026-09-30 00:00:00+00:00,0.00007697,83624.50000000
2026-09-30 08:00:00+00:00,-0.00000244,83259.62923913
2026-09-30 16:00:00+00:00,0.00006606,84104.80000000
2026-10-01 00:00:00+00:00,0.00007981,83582.73222464
