time,fundingRate
2025-10-01 00:00:00+00:00,0.0001
2025-10-01 08:00:00+00:00,0.0001
2025-10-01 16:00:00+00:00,0.00002801
2025-10-02 00:00:00+00:00,0.00004183
2025-10-02 08:00:00+00:00,0.00006812
2025-10-02 16:00:00+00:00,0.00009106
2025-10-03 00:00:00+00:00,0.00001482
2025-10-03 08:00:00+00:00,0.00000066
2025-10-03 16:00:00+00:00,0.00001396
2025-10-04 00:00:00+00:00,0.00000884
2025-10-04 08:00:00+00:00,0.00005991
2025-10-04 16:00:00+00:00,0.00004757
2025-10-05 00:00:00+00:00,0.0001
2025-10-05 08:00:00+00:00,0.0001
2025-10-05 16:00:00+00:00,0.00007664
2025-10-06 00:00:00+00:00,0.00009618
2025-10-06 08:00:00+00:00,0.0001
2025-10-06 16:00:00+00:00,0.0000758
2025-10-07 00:00:00+00:00,0.00000246
2025-10-07 08:00:00+00:00,-0.00002887
2025-10-07 16:00:00+00:00,0.0001
2025-10-08 00:00:00+00:00,0.0001
2025-10-08 08:00:00+00:00,0.0001
2025-10-08 16:00:00+00:00,0.0001
2025-10-09 00:00:00+00:00,0.00003109
2025-10-09 08:00:00+00:00,0.00003706
2025-10-09 16:00:00+00:00,0.00005581
2025-10-10 00:00:00+00:00,0.0001
2025-10-10 08:00:00+00:00,0.0001
2025-10-10 16:00:00+00:00,0.00004578
2025-10-11 00:00:00+00:00,-0.00014131
2025-10-11 08:00:00+00:00,0.0001
2025-10-11 16:00:00+00:00,0.0001
2025-10-12 00:00:00+00:00,-0.00000737
2025-10-12 08:00:00+00:00,0.0000284
2025-10-12 16:00:00+00:00,0.00006092
2025-10-13 00:00:00+00:00,0.0001
2025-10-13 08:00:00+00:00,0.0001
2025-10-13 16:00:00+00:00,0.00004824
2025-10-14 00:00:00+00:00,0.00007775
2025-10-14 08:00:00+00:00,-0.00002259
2025-10-14 16:00:00+00:00,0.0000003
2025-10-15 00:00:00+00:00,0.00000962
2025-10-15 08:00:00+00:00,0.00002225
2025-10-15 16:00:00+00:00,-0.00000158
2025-10-16 00:00:00+00:00,0.00000329
2025-10-16 08:00:00+00:00,-0.00000475
2025-10-16 16:00:00+00:00,-0.00003787
2025-10-17 00:00:00+00:00,0.00000925
2025-10-17 08:00:00+00:00,-0.00000891
2025-10-17 16:00:00+00:00,0.00001371
2025-10-18 00:00:00+00:00,-0.00002473
2025-10-18 08:00:00+00:00,-0.00001289
2025-10-18 16:00:00+00:00,0.00005928
2025-10-19 00:00:00+00:00,0.00003953
2025-10-19 08:00:00+00:00,0.00003762
2025-10-19 16:00:00+00:00,0.0001
2025-10-20 00:00:00+00:00,0.00005677
2025-10-20 08:00:00+00:00,0.0001
2025-10-20 16:00:00+00:00,0.0001
2025-10-21 00:00:00+00:00,0.00007228
2025-10-21 08:00:00+00:00,0.00001871
2025-10-21 16:00:00+00:00,0.00008799
2025-10-22 00:00:00+00:00,0.00002025
2025-10-22 08:00:00+00:00,0.00004647
2025-10-22 16:00:00+00:00,0.000055
2025-10-23 00:00:00+00:00,0.00005646
2025-10-23 08:00:00+00:00,0.0001
2025-10-23 16:00:00+00:00,0.00006755
2025-10-24 00:00:00+00:00,-0.00000164
2025-10-24 08:00:00+00:00,0.0001
2025-10-24 16:00:00+00:00,0.00004654
2025-10-25 00:00:00+00:00,0.00003168
2025-10-25 08:00:00+00:00,0.0001
2025-10-25 16:00:00+00:00,0.0001
2025-10-26 00:00:00+00:00,0.00009909
2025-10-26 08:00:00+00:00,0.00005578
2025-10-26 16:00:00+00:00,0.0001
2025-10-27 00:00:00+00:00,0.0001
2025-10-27 08:00:00+00:00,0.0001
2025-10-27 16:00:00+00:00,0.00005882
2025-10-28 00:00:00+00:00,0.00001045
2025-10-28 08:00:00+00:00,0.00003558
2025-10-28 16:00:00+00:00,0.00008991
2025-10-29 00:00:00+00:00,-0.00000396
2025-10-29 08:00:00+00:00,0.00001593
2025-10-29 16:00:00+00:00,0.00001663
2025-10-30 00:00:00+00:00,0.00002081
2025-10-30 08:00:00+00:00,0.0000362
2025-10-30 16:00:00+00:00,-0.00002633
2025-10-31 00:00:00+00:00,0.00002357
2025-10-31 08:00:00+00:00,0.0001
2025-10-31 16:00:00+00:00,0.00005658
2025-11-01 00:00:00+00:00,0.00002475
2025-11-01 08:00:00+00:00,0.00002432
2025-11-01 16:00:00+00:00,0.00006744
2025-11-02 00:00:00+00:00,0.00005819
2025-11-02 08:00:00+00:00,0.0000476
2025-11-02 16:00:00+00:00,0.00001946
2025-11-03 00:00:00+00:00,0.00002067
2025-11-03 08:00:00+00:00,-0.00004708
2025-11-03 16:00:00+00:00,0.0000529
2025-11-04 00:00:00+00:00,0.00003846
2025-11-04 08:00:00+00:00,-0.00001217
2025-11-04 16:00:00+00:00,0.00004548
2025-11-05 00:00:00+00:00,0.00004865
2025-11-05 08:00:00+00:00,0.00001344
2025-11-05 16:00:00+00:00,-0.0000114
2025-11-06 00:00:00+00:00,0.00002099
2025-11-06 08:00:00+00:00,0.00003291
2025-11-06 16:00:00+00:00,0.00004827
2025-11-07 00:00:00+00:00,-0.00003307
2025-11-07 08:00:00+00:00,0.00003929
2025-11-07 16:00:00+00:00,0.0000252
2025-11-08 00:00:00+00:00,0.00007924
2025-11-08 08:00:00+00:00,0.00000847
2025-11-08 16:00:00+00:00,-0.00000744
2025-11-09 00:00:00+00:00,-0.00000171
2025-11-09 08:00:00+00:00,0.00003745
2025-11-09 16:00:00+00:00,0.00007699
2025-11-10 00:00:00+00:00,0.00009233
2025-11-10 08:00:00+00:00,0.00008068
2025-11-10 16:00:00+00:00,0.00004716
2025-11-11 00:00:00+00:00,0.0000135
2025-11-11 08:00:00+00:00,-0.00004885
2025-11-11 16:00:00+00:00,0.00005706
2025-11-12 00:00:00+00:00,0.00006811
2025-11-12 08:00:00+00:00,0.00003386
2025-11-12 16:00:00+00:00,0.00009323
2025-11-13 00:00:00+00:00,-0.00001163
2025-11-13 08:00:00+00:00,0.00001427
2025-11-13 16:00:00+00:00,0.00002564
2025-11-14 00:00:00+00:00,-0.00004056
2025-11-14 08:00:00+00:00,0.00001296
2025-11-14 16:00:00+00:00,0.00005789
2025-11-15 00:00:00+00:00,0.00004552
2025-11-15 08:00:00+00:00,0.0000712
2025-11-15 16:00:00+00:00,0.0000447
2025-11-16 00:00:00+00:00,0.00000979
2025-11-16 08:00:00+00:00,0.00003754
2025-11-16 16:00:00+00:00,0.00004955
2025-11-17 00:00:00+00:00,0.00005953
2025-11-17 08:00:00+00:00,0.0001
2025-11-17 16:00:00+00:00,0.00007101
2025-11-18 00:00:00+00:00,0.00008162
2025-11-18 08:00:00+00:00,0.0000431
2025-11-18 16:00:00+00:00,0.0001
2025-11-19 00:00:00+00:00,0.00004908
2025-11-19 08:00:00+00:00,-0.00000434
2025-11-19 16:00:00+00:00,-0.00000981
2025-11-20 00:00:00+00:00,0.00004555
2025-11-20 08:00:00+00:00,0.0001
2025-11-20 16:00:00+00:00,0.00001338
2025-11-21 00:00:00+00:00,-0.00000479
2025-11-21 08:00:00+00:00,-0.00000726
2025-11-21 16:00:00+00:00,0.00005602
2025-11-22 00:00:00+00:00,0.0000339
2025-11-22 08:00:00+00:00,0.00002259
2025-11-22 16:00:00+00:00,0.00006123
2025-11-23 00:00:00+00:00,0.00004974
2025-11-23 08:00:00+00:00,0.00004368
2025-11-23 16:00:00+00:00,0.00000931
2025-11-24 00:00:00+00:00,-0.00001427
2025-11-24 08:00:00+00:00,-0.00003212
2025-11-24 16:00:00+00:00,-0.00000016
2025-11-25 00:00:00+00:00,-0.00006725
2025-11-25 08:00:00+00:00,-0.00000414
2025-11-25 16:00:00+00:00,-0.00004901
2025-11-26 00:00:00+00:00,-0.00000927
2025-11-26 08:00:00+00:00,-0.00000268
2025-11-26 16:00:00+00:00,0.00000162
2025-11-27 00:00:00+00:00,0.0000341
2025-11-27 08:00:00+00:00,-0.00000303
2025-11-27 16:00:00+00:00,-0.00000801
2025-11-28 00:00:00+00:00,0.0000017
2025-11-28 08:00:00+00:00,-0.00000378
2025-11-28 16:00:00+00:00,-0.00000746
2025-11-29 00:00:00+00:00,-0.00009691
2025-11-29 08:00:00+00:00,-0.00000976
2025-11-29 16:00:00+00:00,0.00001029
2025-11-30 00:00:00+00:00,0.00007307
2025-11-30 08:00:00+00:00,0.00005238
2025-11-30 16:00:00+00:00,0.00001622
2025-12-01 00:00:00+00:00,0.0000075
2025-12-01 08:00:00+00:00,-0.00000605
2025-12-01 16:00:00+00:00,-0.00000107
2025-12-02 00:00:00+00:00,-0.00000917
2025-12-02 08:00:00+00:00,0.00004832
2025-12-02 16:00:00+00:00,0.0000179
2025-12-03 00:00:00+00:00,0.00000924
2025-12-03 08:00:00+00:00,0.0000273
2025-12-03 16:00:00+00:00,0.00003174
2025-12-04 00:00:00+00:00,0.00007408
2025-12-04 08:00:00+00:00,0.00003057
2025-12-04 16:00:00+00:00,-0.00000857
2025-12-05 00:00:00+00:00,0.00001741
2025-12-05 08:00:00+00:00,0.00004438
2025-12-05 16:00:00+00:00,-0.00000868
2025-12-06 00:00:00+00:00,-0.00000586
2025-12-06 08:00:00+00:00,-0.0000331
2025-12-06 16:00:00+00:00,-0.00004707
2025-12-07 00:00:00+00:00,-0.00000828
2025-12-07 08:00:00+00:00,-0.00001167
2025-12-07 16:00:00+00:00,0.00002284
2025-12-08 00:00:00+00:00,0.0000287
2025-12-08 08:00:00+00:00,0.00008354
2025-12-08 16:00:00+00:00,0.00003817
2025-12-09 00:00:00+00:00,-0.00001767
2025-12-09 08:00:00+00:00,0.00001299
2025-12-09 16:00:00+00:00,0.00001324
2025-12-10 00:00:00+00:00,0.00003203
2025-12-10 08:00:00+00:00,0.00001545
2025-12-10 16:00:00+00:00,0.00001461
2025-12-11 00:00:00+00:00,0.00003674
2025-12-11 08:00:00+00:00,-0.00002557
2025-12-11 16:00:00+00:00,0.0000362
2025-12-12 00:00:00+00:00,0.00008389
2025-12-12 08:00:00+00:00,0.00009806
2025-12-12 16:00:00+00:00,0.00002758
2025-12-13 00:00:00+00:00,-0.00000341
2025-12-13 08:00:00+00:00,-0.00000263
2025-12-13 16:00:00+00:00,0.00003709
2025-12-14 00:00:00+00:00,0.00003698
2025-12-14 08:00:00+00:00,0.00001145
2025-12-14 16:00:00+00:00,-0.00000781
2025-12-15 00:00:00+00:00,0.00000488
2025-12-15 08:00:00+00:00,0.00002867
2025-12-15 16:00:00+00:00,0.00003887
2025-12-16 00:00:00+00:00,0.00000757
2025-12-16 08:00:00+00:00,-0.00001351
2025-12-16 16:00:00+00:00,0.00005556
2025-12-17 00:00:00+00:00,0.00004598
2025-12-17 08:00:00+00:00,0.00001137
2025-12-17 16:00:00+00:00,0.00008443
2025-12-18 00:00:00+00:00,0.00000163
2025-12-18 08:00:00+00:00,0.00007539
2025-12-18 16:00:00+00:00,0.0001
2025-12-19 00:00:00+00:00,-0.00000676
2025-12-19 08:00:00+00:00,0.00001709
2025-12-19 16:00:00+00:00,0.00007296
2025-12-20 00:00:00+00:00,0.0000318
2025-12-20 08:00:00+00:00,-0.0000071
2025-12-20 16:00:00+00:00,-0.00003557
2025-12-21 00:00:00+00:00,0.00001724
2025-12-21 08:00:00+00:00,-0.00000537
2025-12-21 16:00:00+00:00,-0.00001499
2025-12-22 00:00:00+00:00,0.00005372
2025-12-22 08:00:00+00:00,0.00005485
2025-12-22 16:00:00+00:00,0.0000676
2025-12-23 00:00:00+00:00,-0.00002911
2025-12-23 08:00:00+00:00,-0.00001673
2025-12-23 16:00:00+00:00,0.00001491
2025-12-24 00:00:00+00:00,0.00002786
2025-12-24 08:00:00+00:00,-0.00002072
2025-12-24 16:00:00+00:00,0.00004572
2025-12-25 00:00:00+00:00,0.00009492
2025-12-25 08:00:00+00:00,0.0000746
2025-12-25 16:00:00+00:00,0.00005249
2025-12-26 00:00:00+00:00,0.00003744
2025-12-26 08:00:00+00:00,0.0001
2025-12-26 16:00:00+00:00,0.0001
2025-12-27 00:00:00+00:00,0.00003048
2025-12-27 08:00:00+00:00,0.00002438
2025-12-27 16:00:00+00:00,0.00006103
2025-12-28 00:00:00+00:00,0.00005786
2025-12-28 08:00:00+00:00,0.0001
2025-12-28 16:00:00+00:00,0.00009813
2025-12-29 00:00:00+00:00,0.00003373
2025-12-29 08:00:00+00:00,0.0001
2025-12-29 16:00:00+00:00,-0.00002482
2025-12-30 00:00:00+00:00,0.00005475
2025-12-30 08:00:00+00:00,-0.00003667
2025-12-30 16:00:00+00:00,0.00006054
2025-12-31 00:00:00+00:00,0.00003257
2025-12-31 08:00:00+00:00,0.00009464
2025-12-31 16:00:00+00:00,0.0001
2026-01-01 00:00:00+00:00,0.00003574
2026-01-01 08:00:00+00:00,0.00008507
2026-01-01 16:00:00+00:00,0.00000947
2026-01-02 00:00:00+00:00,0.0001
2026-01-02 08:00:00+00:00,0.0001
2026-01-02 16:00:00+00:00,0.00005313
2026-01-03 00:00:00+00:00,-0.00002524
2026-01-03 08:00:00+00:00,0.00002096
2026-01-03 16:00:00+00:00,0.00005118
2026-01-04 00:00:00+00:00,0.0001
2026-01-04 08:00:00+00:00,0.00006052
2026-01-04 16:00:00+00:00,-0.00000079
2026-01-05 00:00:00+00:00,-0.00001535
2026-01-05 08:00:00+00:00,0.00005121
2026-01-05 16:00:00+00:00,0.00004996
2026-01-06 00:00:00+00:00,-0.00004661
2026-01-06 08:00:00+00:00,-0.0000222
2026-01-06 16:00:00+00:00,0.0000468
2026-01-07 00:00:00+00:00,0.00009017
2026-01-07 08:00:00+00:00,0.00009575
2026-01-07 16:00:00+00:00,0.00002304
2026-01-08 00:00:00+00:00,0.00008564
2026-01-08 08:00:00+00:00,-0.0000138
2026-01-08 16:00:00+00:00,0.0000529
2026-01-09 00:00:00+00:00,0.00000224
2026-01-09 08:00:00+00:00,0.00005446
2026-01-09 16:00:00+00:00,0.00001388
2026-01-10 00:00:00+00:00,0.00005876
2026-01-10 08:00:00+00:00,0.0001
2026-01-10 16:00:00+00:00,0.00008103
2026-01-11 00:00:00+00:00,0.00004147
2026-01-11 08:00:00+00:00,0.00009574
2026-01-11 16:00:00+00:00,0.00004794
2026-01-12 00:00:00+00:00,0.00003946
2026-01-12 08:00:00+00:00,0.00002655
2026-01-12 16:00:00+00:00,0.00000558
2026-01-13 00:00:00+00:00,0.00002203
2026-01-13 08:00:00+00:00,0.0001
2026-01-13 16:00:00+00:00,0.00008533
2026-01-14 00:00:00+00:00,0.00007769
2026-01-14 08:00:00+00:00,0.0001
2026-01-14 16:00:00+00:00,0.0001
2026-01-15 00:00:00+00:00,-0.00000768
2026-01-15 08:00:00+00:00,0.00000193
2026-01-15 16:00:00+00:00,-0.00000441
2026-01-16 00:00:00+00:00,-0.00003671
2026-01-16 08:00:00+00:00,0.00005038
2026-01-16 16:00:00+00:00,0.00000396
2026-01-17 00:00:00+00:00,0.00006897
2026-01-17 08:00:00+00:00,0.00001796
2026-01-17 16:00:00+00:00,0.00000464
2026-01-18 00:00:00+00:00,0.00000495
2026-01-18 08:00:00+00:00,0.00004877
2026-01-18 16:00:00+00:00,0.00001662
2026-01-19 00:00:00+00:00,-0.00001073
2026-01-19 08:00:00+00:00,-0.00002772
2026-01-19 16:00:00+00:00,0.000021
2026-01-20 00:00:00+00:00,0.00003081
2026-01-20 08:00:00+00:00,-0.00001587
2026-01-20 16:00:00+00:00,-0.00001241
2026-01-21 00:00:00+00:00,0.00003191
2026-01-21 08:00:00+00:00,0.0000033
2026-01-21 16:00:00+00:00,0.00004007
2026-01-22 00:00:00+00:00,0.00005715
2026-01-22 08:00:00+00:00,0.00003047
2026-01-22 16:00:00+00:00,0.00000046
2026-01-23 00:00:00+00:00,0.00004883
2026-01-23 08:00:00+00:00,0.00002626
2026-01-23 16:00:00+00:00,-0.00003242
2026-01-24 00:00:00+00:00,-0.00000922
2026-01-24 08:00:00+00:00,-0.00002571
2026-01-24 16:00:00+00:00,-0.00002308
2026-01-25 00:00:00+00:00,-0.00002888
2026-01-25 08:00:00+00:00,0.00004576
2026-01-25 16:00:00+00:00,0.00003977
2026-01-26 00:00:00+00:00,-0.00000242
2026-01-26 08:00:00+00:00,0.00004497
2026-01-26 16:00:00+00:00,0.000037
2026-01-27 00:00:00+00:00,0.00003771
2026-01-27 08:00:00+00:00,0.00001233
2026-01-27 16:00:00+00:00,-0.00003249
2026-01-28 00:00:00+00:00,0.00005878
2026-01-28 08:00:00+00:00,0.00007136
2026-01-28 16:00:00+00:00,0.00004604
2026-01-29 00:00:00+00:00,0.00002277
2026-01-29 08:00:00+00:00,0.00001655
2026-01-29 16:00:00+00:00,-0.00000685
2026-01-30 00:00:00+00:00,-0.00001576
2026-01-30 08:00:00+00:00,-0.00006865
2026-01-30 16:00:00+00:00,-0.00004013
2026-01-31 00:00:00+00:00,0.00009175
2026-01-31 08:00:00+00:00,0.00004577
2026-01-31 16:00:00+00:00,0.00002269
2026-02-01 00:00:00+00:00,0.00000818
2026-02-01 08:00:00+00:00,-0.00001777
2026-02-01 16:00:00+00:00,0.00001922
2026-02-02 00:00:00+00:00,0.00005086
2026-02-02 08:00:00+00:00,0.00000333
2026-02-02 16:00:00+00:00,-0.00002239
2026-02-03 00:00:00+00:00,-0.00002664
2026-02-03 08:00:00+00:00,0.00002969
2026-02-03 16:00:00+00:00,-0.00004127
2026-02-04 00:00:00+00:00,0.00000278
2026-02-04 08:00:00+00:00,0.00009059
2026-02-04 16:00:00+00:00,0.00004301
2026-02-05 00:00:00+00:00,0.0000471
2026-02-05 08:00:00+00:00,0.00002503
2026-02-05 16:00:00+00:00,0.00002066
2026-02-06 00:00:00+00:00,0.00000872
2026-02-06 08:00:00+00:00,-0.00000784
2026-02-06 16:00:00+00:00,-0.00009333
2026-02-07 00:00:00+00:00,-0.00006377
2026-02-07 08:00:00+00:00,0.00001339
2026-02-07 16:00:00+00:00,0.00002463
2026-02-08 00:00:00+00:00,0.00000651
2026-02-08 08:00:00+00:00,-0.00004565
2026-02-08 16:00:00+00:00,-0.00000966
2026-02-09 00:00:00+00:00,0.00001522
2026-02-09 08:00:00+00:00,-0.00001797
2026-02-09 16:00:00+00:00,-0.00003862
2026-02-10 00:00:00+00:00,0.000061
2026-02-10 08:00:00+00:00,-0.0000432
2026-02-10 16:00:00+00:00,-0.00005877
2026-02-11 00:00:00+00:00,-0.00002347
2026-02-11 08:00:00+00:00,-0.00006234
2026-02-11 16:00:00+00:00,-0.00000841
2026-02-12 00:00:00+00:00,0.00000904
2026-02-12 08:00:00+00:00,0.00007205
2026-02-12 16:00:00+00:00,0.0001
2026-02-13 00:00:00+00:00,0.00000148
2026-02-13 08:00:00+00:00,0.00003691
2026-02-13 16:00:00+00:00,0.00003088
2026-02-14 00:00:00+00:00,-0.00001529
2026-02-14 08:00:00+00:00,-0.0000151
2026-02-14 16:00:00+00:00,0.00008737
2026-02-15 00:00:00+00:00,0.00006207
2026-02-15 08:00:00+00:00,0.00003283
2026-02-15 16:00:00+00:00,0.0000212
2026-02-16 00:00:00+00:00,0.00007436
2026-02-16 08:00:00+00:00,0.00003523
2026-02-16 16:00:00+00:00,-0.00002246
2026-02-17 00:00:00+00:00,0.00003206
2026-02-17 08:00:00+00:00,0.00001909
2026-02-17 16:00:00+00:00,-0.00001232
2026-02-18 00:00:00+00:00,0.00001873
2026-02-18 08:00:00+00:00,-0.0000017
2026-02-18 16:00:00+00:00,0.00000404
2026-02-19 00:00:00+00:00,-0.00001595
2026-02-19 08:00:00+00:00,0.000052
2026-02-19 16:00:00+00:00,0.00000929
2026-02-20 00:00:00+00:00,0.0001
2026-02-20 08:00:00+00:00,0.0001
2026-02-20 16:00:00+00:00,0.00007455
2026-02-21 00:00:00+00:00,0.0001
2026-02-21 08:00:00+00:00,0.00009803
2026-02-21 16:00:00+00:00,0.00008445
2026-02-22 00:00:00+00:00,0.00001996
2026-02-22 08:00:00+00:00,-0.00002637
2026-02-22 16:00:00+00:00,-0.00000755
2026-02-23 00:00:00+00:00,-0.00000232
2026-02-23 08:00:00+00:00,-0.00006028
2026-02-23 16:00:00+00:00,0.00001294
2026-02-24 00:00:00+00:00,-0.00004456
2026-02-24 08:00:00+00:00,-0.0000839
2026-02-24 16:00:00+00:00,0.00002037
2026-02-25 00:00:00+00:00,0.00001405
2026-02-25 08:00:00+00:00,0.0001
2026-02-25 16:00:00+00:00,0.00005544
2026-02-26 00:00:00+00:00,0.00003563
2026-02-26 08:00:00+00:00,0.0001
2026-02-26 16:00:00+00:00,0.00004048
2026-02-27 00:00:00+00:00,0.00003949
2026-02-27 08:00:00+00:00,-0.0000067
2026-02-27 16:00:00+00:00,-0.00000123
2026-02-28 00:00:00+00:00,-0.000013
2026-02-28 08:00:00+00:00,-0.00004555
2026-02-28 16:00:00+00:00,-0.00002304
2026-03-01 00:00:00+00:00,0.0000272
2026-03-01 08:00:00+00:00,0.00009248
2026-03-01 16:00:00+00:00,0.00006513
2026-03-02 00:00:00+00:00,0.00001312
2026-03-02 08:00:00+00:00,0.00003004
2026-03-02 16:00:00+00:00,0.00002662
2026-03-03 00:00:00+00:00,0.00001835
2026-03-03 08:00:00+00:00,0.00001216
2026-03-03 16:00:00+00:00,0.00000704
2026-03-04 00:00:00+00:00,0.00002232
2026-03-04 08:00:00+00:00,-0.00000533
2026-03-04 16:00:00+00:00,0.00003549
2026-03-05 00:00:00+00:00,-0.00005395
2026-03-05 08:00:00+00:00,-0.00004077
2026-03-05 16:00:00+00:00,-0.00004675
2026-03-06 00:00:00+00:00,-0.0000065
2026-03-06 08:00:00+00:00,0.0000017
2026-03-06 16:00:00+00:00,-0.00000368
2026-03-07 00:00:00+00:00,-0.00005886
2026-03-07 08:00:00+00:00,-0.00002954
2026-03-07 16:00:00+00:00,-0.0000184
2026-03-08 00:00:00+00:00,-0.00003754
2026-03-08 08:00:00+00:00,-0.00004305
2026-03-08 16:00:00+00:00,-0.00003147
2026-03-09 00:00:00+00:00,-0.00003904
2026-03-09 08:00:00+00:00,-0.00002969
2026-03-09 16:00:00+00:00,-0.00004027
2026-03-10 00:00:00+00:00,-0.00006036
2026-03-10 08:00:00+00:00,0.00005053
2026-03-10 16:00:00+00:00,0.00003653
2026-03-11 00:00:00+00:00,-0.00010651
2026-03-11 08:00:00+00:00,-0.00004524
2026-03-11 16:00:00+00:00,-0.00003643
2026-03-12 00:00:00+00:00,-0.00006084
2026-03-12 08:00:00+00:00,-0.0000594
2026-03-12 16:00:00+00:00,-0.00003673
2026-03-13 00:00:00+00:00,-0.00004285
2026-03-13 08:00:00+00:00,0.00005018
2026-03-13 16:00:00+00:00,0.00000081
2026-03-14 00:00:00+00:00,-0.00006159
2026-03-14 08:00:00+00:00,-0.00003443
2026-03-14 16:00:00+00:00,-0.00008727
2026-03-15 00:00:00+00:00,-0.00005834
2026-03-15 08:00:00+00:00,0.00000494
2026-03-15 16:00:00+00:00,0.00003891
2026-03-16 00:00:00+00:00,-0.00001303
2026-03-16 08:00:00+00:00,0.00006555
2026-03-16 16:00:00+00:00,-0.00000091
2026-03-17 00:00:00+00:00,0.0000933
2026-03-17 08:00:00+00:00,0.00004348
2026-03-17 16:00:00+00:00,-0.00003818
2026-03-18 00:00:00+00:00,0.00000429
2026-03-18 08:00:00+00:00,0.00001092
2026-03-18 16:00:00+00:00,-0.00003817
2026-03-19 00:00:00+00:00,0.00001783
2026-03-19 08:00:00+00:00,0.00001935
2026-03-19 16:00:00+00:00,0.00000236
2026-03-20 00:00:00+00:00,0.00005293
2026-03-20 08:00:00+00:00,0.00004069
2026-03-20 16:00:00+00:00,0.00001439
2026-03-21 00:00:00+00:00,0.00005021
2026-03-21 08:00:00+00:00,0.00003867
2026-03-21 16:00:00+00:00,-0.00002305
2026-03-22 00:00:00+00:00,-0.00009613
2026-03-22 08:00:00+00:00,-0.00006035
2026-03-22 16:00:00+00:00,-0.00001448
2026-03-23 00:00:00+00:00,-0.00003128
2026-03-23 08:00:00+00:00,0.00000998
2026-03-23 16:00:00+00:00,0.0000561
2026-03-24 00:00:00+00:00,0.00003782
2026-03-24 08:00:00+00:00,0.00001995
2026-03-24 16:00:00+00:00,0.00005202
2026-03-25 00:00:00+00:00,0.00005529
2026-03-25 08:00:00+00:00,0.0001
2026-03-25 16:00:00+00:00,-0.00000051
2026-03-26 00:00:00+00:00,0.00000872
2026-03-26 08:00:00+00:00,-0.00000681
2026-03-26 16:00:00+00:00,0.00000721
2026-03-27 00:00:00+00:00,0.00006279
2026-03-27 08:00:00+00:00,0.00001085
2026-03-27 16:00:00+00:00,-0.0000422
2026-03-28 00:00:00+00:00,0.00006645
2026-03-28 08:00:00+00:00,-0.00001938
2026-03-28 16:00:00+00:00,-0.00003452
2026-03-29 00:00:00+00:00,-0.00001612
2026-03-29 08:00:00+00:00,-0.00002567
2026-03-29 16:00:00+00:00,0.00001795
2026-03-30 00:00:00+00:00,0.00001496
2026-03-30 08:00:00+00:00,-0.00000847
2026-03-30 16:00:00+00:00,-0.00000693
2026-03-31 00:00:00+00:00,-0.0000415
2026-03-31 08:00:00+00:00,0.00003004
2026-03-31 16:00:00+00:00,0.00002679
2026-04-01 00:00:00+00:00,0.00001245
2026-04-01 08:00:00+00:00,0.00008087
2026-04-01 16:00:00+00:00,0.00002341
2026-04-02 00:00:00+00:00,-0.00000538
2026-04-02 08:00:00+00:00,-0.00005339
2026-04-02 16:00:00+00:00,-0.00005711
2026-04-03 00:00:00+00:00,0.00002082
2026-04-03 08:00:00+00:00,-0.00002173
2026-04-03 16:00:00+00:00,0.00001606
2026-04-04 00:00:00+00:00,0.0000464
2026-04-04 08:00:00+00:00,0.00003085
2026-04-04 16:00:00+00:00,0.00001429
2026-04-05 00:00:00+00:00,0.00000288
2026-04-05 08:00:00+00:00,-0.00003078
2026-04-05 16:00:00+00:00,0.00001708
2026-04-06 00:00:00+00:00,0.00004917
2026-04-06 08:00:00+00:00,0.00006702
2026-04-06 16:00:00+00:00,-0.00001085
2026-04-07 00:00:00+00:00,-0.00006556
2026-04-07 08:00:00+00:00,-0.00002482
2026-04-07 16:00:00+00:00,0.00000337
2026-04-08 00:00:00+00:00,0.00008173
2026-04-08 08:00:00+00:00,0.00007604
2026-04-08 16:00:00+00:00,0.00003729
2026-04-09 00:00:00+00:00,0.00001289
2026-04-09 08:00:00+00:00,0.00002268
2026-04-09 16:00:00+00:00,0.00006094
2026-04-10 00:00:00+00:00,0.00008631
2026-04-10 08:00:00+00:00,0.0001
2026-04-10 16:00:00+00:00,0.00005532
2026-04-11 00:00:00+00:00,-0.00001994
2026-04-11 08:00:00+00:00,-0.00003168
2026-04-11 16:00:00+00:00,0.00000319
2026-04-12 00:00:00+00:00,0.00003126
2026-04-12 08:00:00+00:00,-0.0000132
2026-04-12 16:00:00+00:00,0.00000126
2026-04-13 00:00:00+00:00,-0.00003174
2026-04-13 08:00:00+00:00,0.00002357
2026-04-13 16:00:00+00:00,-0.00005728
2026-04-14 00:00:00+00:00,-0.00002325
2026-04-14 08:00:00+00:00,0.00007874
2026-04-14 16:00:00+00:00,-0.00000054
2026-04-15 00:00:00+00:00,-0.00016192
2026-04-15 08:00:00+00:00,-0.00007656
2026-04-15 16:00:00+00:00,-0.00007156
2026-04-16 00:00:00+00:00,-0.00001653
2026-04-16 08:00:00+00:00,-0.0000346
2026-04-16 16:00:00+00:00,-0.00008038
2026-04-17 00:00:00+00:00,0.00001867
2026-04-17 08:00:00+00:00,-0.00001646
2026-04-17 16:00:00+00:00,-0.00000154
2026-04-18 00:00:00+00:00,-0.00008918
2026-04-18 08:00:00+00:00,-0.00007785
2026-04-18 16:00:00+00:00,-0.0000915
2026-04-19 00:00:00+00:00,-0.00002841
2026-04-19 08:00:00+00:00,-0.00001889
2026-04-19 16:00:00+00:00,0.00000526
2026-04-20 00:00:00+00:00,-0.00001423
2026-04-20 08:00:00+00:00,-0.0000142
2026-04-20 16:00:00+00:00,-0.00000067
2026-04-21 00:00:00+00:00,-0.00008607
2026-04-21 08:00:00+00:00,-0.00006603
2026-04-21 16:00:00+00:00,-0.00003805
2026-04-22 00:00:00+00:00,0.00001119
2026-04-22 08:00:00+00:00,0.00002767
2026-04-22 16:00:00+00:00,-0.00005123
2026-04-23 00:00:00+00:00,-0.00006104
2026-04-23 08:00:00+00:00,-0.00005324
2026-04-23 16:00:00+00:00,0.00000022
2026-04-24 00:00:00+00:00,-0.00003354
2026-04-24 08:00:00+00:00,0.00002763
2026-04-24 16:00:00+00:00,-0.0000407
2026-04-25 00:00:00+00:00,-0.00000545
2026-04-25 08:00:00+00:00,-0.00000279
2026-04-25 16:00:00+00:00,-0.0000309
2026-04-26 00:00:00+00:00,0.00001835
2026-04-26 08:00:00+00:00,0.00002842
2026-04-26 16:00:00+00:00,0.00000889
2026-04-27 00:00:00+00:00,0.00000445
2026-04-27 08:00:00+00:00,0.00002977
2026-04-27 16:00:00+00:00,-0.00001593
2026-04-28 00:00:00+00:00,0.0000146
2026-04-28 08:00:00+00:00,-0.00007225
2026-04-28 16:00:00+00:00,-0.00000835
2026-04-29 00:00:00+00:00,-0.00000199
2026-04-29 08:00:00+00:00,-0.00005559
2026-04-29 16:00:00+00:00,-0.00005871
2026-04-30 00:00:00+00:00,-0.00000331
2026-04-30 08:00:00+00:00,-0.0000285
2026-04-30 16:00:00+00:00,-0.00004675
2026-05-01 00:00:00+00:00,-0.0000518
2026-05-01 08:00:00+00:00,-0.00002354
2026-05-01 16:00:00+00:00,-0.00002639
2026-05-02 00:00:00+00:00,-0.00007815
2026-05-02 08:00:00+00:00,-0.00004432
2026-05-02 16:00:00+00:00,-0.00003682
2026-05-03 00:00:00+00:00,0.00002292
2026-05-03 08:00:00+00:00,-0.00003062
2026-05-03 16:00:00+00:00,0.00006191
2026-05-04 00:00:00+00:00,0.0000688
2026-05-04 08:00:00+00:00,0.00003395
2026-05-04 16:00:00+00:00,-0.0000368
2026-05-05 00:00:00+00:00,-0.00006316
2026-05-05 08:00:00+00:00,0.00000173
2026-05-05 16:00:00+00:00,-0.00002771
2026-05-06 00:00:00+00:00,-0.00009189
2026-05-06 08:00:00+00:00,-0.00003041
2026-05-06 16:00:00+00:00,0.00002016
2026-05-07 00:00:00+00:00,-0.00002988
2026-05-07 08:00:00+00:00,0.00000917
2026-05-07 16:00:00+00:00,0.00004301
2026-05-08 00:00:00+00:00,0.00004014
2026-05-08 08:00:00+00:00,0.00003823
2026-05-08 16:00:00+00:00,0.00002934
2026-05-09 00:00:00+00:00,0.00002557
2026-05-09 08:00:00+00:00,-0.00001618
2026-05-09 16:00:00+00:00,0.00002584
2026-05-10 00:00:00+00:00,-0.00003074
2026-05-10 08:00:00+00:00,0.0000058
2026-05-10 16:00:00+00:00,0.00003436
2026-05-11 00:00:00+00:00,0.00002867
2026-05-11 08:00:00+00:00,0.00005033
2026-05-11 16:00:00+00:00,0.00001899
2026-05-12 00:00:00+00:00,0.00001583
2026-05-12 08:00:00+00:00,-0.00002496
2026-05-12 16:00:00+00:00,0.00001992
2026-05-13 00:00:00+00:00,-0.00000754
2026-05-13 08:00:00+00:00,0.00005038
2026-05-13 16:00:00+00:00,-0.00001024
2026-05-14 00:00:00+00:00,0.00005522
2026-05-14 08:00:00+00:00,0.00002389
2026-05-14 16:00:00+00:00,-0.00000007
2026-05-15 00:00:00+00:00,-0.00005569
2026-05-15 08:00:00+00:00,-0.00001847
2026-05-15 16:00:00+00:00,-0.00001843
2026-05-16 00:00:00+00:00,-0.00004507
2026-05-16 08:00:00+00:00,-0.00001859
2026-05-16 16:00:00+00:00,0.00002209
2026-05-17 00:00:00+00:00,0.00004075
2026-05-17 08:00:00+00:00,0.00001199
2026-05-17 16:00:00+00:00,0.00000026
2026-05-18 00:00:00+00:00,-0.00001269
2026-05-18 08:00:00+00:00,0.00006193
2026-05-18 16:00:00+00:00,0.00005491
2026-05-19 00:00:00+00:00,0.00003957
2026-05-19 08:00:00+00:00,0.00004736
2026-05-19 16:00:00+00:00,0.00007452
2026-05-20 00:00:00+00:00,0.0001
2026-05-20 08:00:00+00:00,0.00009058
2026-05-20 16:00:00+00:00,0.00008696
2026-05-21 00:00:00+00:00,0.00002703
2026-05-21 08:00:00+00:00,0.00004975
2026-05-21 16:00:00+00:00,0.00004854
2026-05-22 00:00:00+00:00,0.00006411
2026-05-22 08:00:00+00:00,0.00001334
2026-05-22 16:00:00+00:00,0.00007855
2026-05-23 00:00:00+00:00,0.00004144
2026-05-23 08:00:00+00:00,-0.00000539
2026-05-23 16:00:00+00:00,0.00000753
2026-05-24 00:00:00+00:00,0.00004057
2026-05-24 08:00:00+00:00,0.00008428
2026-05-24 16:00:00+00:00,0.00001515
2026-05-25 00:00:00+00:00,0.00001907
2026-05-25 08:00:00+00:00,0.00008207
2026-05-25 16:00:00+00:00,0.00007338
2026-05-26 00:00:00+00:00,0.00004014
2026-05-26 08:00:00+00:00,-0.00000867
2026-05-26 16:00:00+00:00,0.00000599
2026-05-27 00:00:00+00:00,0.00001507
2026-05-27 08:00:00+00:00,-0.00009095
2026-05-27 16:00:00+00:00,-0.00000558
2026-05-28 00:00:00+00:00,0.00003609
2026-05-28 08:00:00+00:00,0.00001112
2026-05-28 16:00:00+00:00,0.00008955
2026-05-29 00:00:00+00:00,0.0001
2026-05-29 08:00:00+00:00,0.00004155
2026-05-29 16:00:00+00:00,0.00002605
2026-05-30 00:00:00+00:00,0.00006986
2026-05-30 08:00:00+00:00,0.00002284
2026-05-30 16:00:00+00:00,0.00003917
2026-05-31 00:00:00+00:00,0.00007356
2026-05-31 08:00:00+00:00,0.00005136
2026-05-31 16:00:00+00:00,0.00006798
2026-06-01 00:00:00+00:00,0.00004369
2026-06-01 08:00:00+00:00,-0.00000338
2026-06-01 16:00:00+00:00,0.0000723
2026-06-02 00:00:00+00:00,0.0001
2026-06-02 08:00:00+00:00,0.0001
2026-06-02 16:00:00+00:00,0.00009202
2026-06-03 00:00:00+00:00,0.00000668
2026-06-03 08:00:00+00:00,0.00004329
2026-06-03 16:00:00+00:00,0.0000814
2026-06-04 00:00:00+00:00,-0.00000452
2026-06-04 08:00:00+00:00,0.00003034
2026-06-04 16:00:00+00:00,-0.00000117
2026-06-05 00:00:00+00:00,-0.00002403
2026-06-05 08:00:00+00:00,-0.00003588
2026-06-05 16:00:00+00:00,-0.00002692
2026-06-06 00:00:00+00:00,0.00002774
2026-06-06 08:00:00+00:00,0.00003805
2026-06-06 16:00:00+00:00,-0.00000406
2026-06-07 00:00:00+00:00,-0.00004138
2026-06-07 08:00:00+00:00,-0.00001916
2026-06-07 16:00:00+00:00,0.00001038
2026-06-08 00:00:00+00:00,0.00000839
2026-06-08 08:00:00+00:00,0.00002491
2026-06-08 16:00:00+00:00,0.00003697
2026-06-09 00:00:00+00:00,0.00001644
2026-06-09 08:00:00+00:00,0.00003712
2026-06-09 16:00:00+00:00,0.00001714
2026-06-10 00:00:00+00:00,0.00004476
2026-06-10 08:00:00+00:00,-0.00004518
2026-06-10 16:00:00+00:00,0.00003639
2026-06-11 00:00:00+00:00,-0.00000813
2026-06-11 08:00:00+00:00,0.00009561
2026-06-11 16:00:00+00:00,0.00006345
2026-06-12 00:00:00+00:00,0.00008605
2026-06-12 08:00:00+00:00,0.00002498
2026-06-12 16:00:00+00:00,0.00005088
2026-06-13 00:00:00+00:00,0.0000288
2026-06-13 08:00:00+00:00,0.00001355
2026-06-13 16:00:00+00:00,0.00001254
2026-06-14 00:00:00+00:00,0.0000048
2026-06-14 08:00:00+00:00,0.00000632
2026-06-14 16:00:00+00:00,0.00001454
2026-06-15 00:00:00+00:00,0.00002186
2026-06-15 08:00:00+00:00,0.00001124
2026-06-15 16:00:00+00:00,-0.00001115
2026-06-16 00:00:00+00:00,0.00002767
2026-06-16 08:00:00+00:00,-0.00004695
2026-06-16 16:00:00+00:00,0.00004902
2026-06-17 00:00:00+00:00,0.00005459
2026-06-17 08:00:00+00:00,0.00001567
2026-06-17 16:00:00+00:00,0.0000036
2026-06-18 00:00:00+00:00,-0.00000327
2026-06-18 08:00:00+00:00,-0.00001297
2026-06-18 16:00:00+00:00,-0.00002986
2026-06-19 00:00:00+00:00,-0.0000469
2026-06-19 08:00:00+00:00,-0.00003489
2026-06-19 16:00:00+00:00,-0.00005782
2026-06-20 00:00:00+00:00,0.00001592
2026-06-20 08:00:00+00:00,0.00000203
2026-06-20 16:00:00+00:00,0.00004672
2026-06-21 00:00:00+00:00,0.00001095
2026-06-21 08:00:00+00:00,-0.00000258
2026-06-21 16:00:00+00:00,-0.00003646
2026-06-22 00:00:00+00:00,-0.00001456
2026-06-22 08:00:00+00:00,0.00001727
2026-06-22 16:00:00+00:00,0.00004573
2026-06-23 00:00:00+00:00,0.00000279
2026-06-23 08:00:00+00:00,0.00001158
2026-06-23 16:00:00+00:00,-0.00002607
2026-06-24 00:00:00+00:00,-0.00001764
2026-06-24 08:00:00+00:00,0.00003367
2026-06-24 16:00:00+00:00,-0.00005744
2026-06-25 00:00:00+00:00,-0.00003746
2026-06-25 08:00:00+00:00,-0.00001995
2026-06-25 16:00:00+00:00,-0.00007541
2026-06-26 00:00:00+00:00,0.00002172
2026-06-26 08:00:00+00:00,-0.00001395
2026-06-26 16:00:00+00:00,0.00003099
2026-06-27 00:00:00+00:00,0.00002108
2026-06-27 08:00:00+00:00,0.00000701
2026-06-27 16:00:00+00:00,-0.00000889
2026-06-28 00:00:00+00:00,-0.00003417
2026-06-28 08:00:00+00:00,-0.00001071
2026-06-28 16:00:00+00:00,0.00002349
2026-06-29 00:00:00+00:00,0.00001585
2026-06-29 08:00:00+00:00,0.0000168
2026-06-29 16:00:00+00:00,0.00007079
2026-06-30 00:00:00+00:00,0.0001
2026-06-30 08:00:00+00:00,-0.00001072
2026-06-30 16:00:00+00:00,0.00003036
2026-07-01 00:00:00+00:00,0.00004036
2026-07-01 08:00:00+00:00,0.00009078
2026-07-01 16:00:00+00:00,0.00008186
2026-07-02 00:00:00+00:00,0.00008594
2026-07-02 08:00:00+00:00,0.0001
2026-07-02 16:00:00+00:00,0.00005972
2026-07-03 00:00:00+00:00,0.00005107
2026-07-03 08:00:00+00:00,0.00007429
2026-07-03 16:00:00+00:00,0.00002602
2026-07-04 00:00:00+00:00,0.00003466
2026-07-04 08:00:00+00:00,0.00007537
2026-07-04 16:00:00+00:00,0.00005205
2026-07-05 00:00:00+00:00,0.00003282
2026-07-05 08:00:00+00:00,0.00003719
2026-07-05 16:00:00+00:00,0.00003106
2026-07-06 00:00:00+00:00,0.00005565
2026-07-06 08:00:00+00:00,-0.00000755
2026-07-06 16:00:00+00:00,0.00009435
2026-07-07 00:00:00+00:00,0.0001
2026-07-07 08:00:00+00:00,0.0000322
2026-07-07 16:00:00+00:00,0.0001
2026-07-08 00:00:00+00:00,0.0000455
2026-07-08 08:00:00+00:00,0.00003534
2026-07-08 16:00:00+00:00,0.00006329
2026-07-09 00:00:00+00:00,0.00008991
2026-07-09 08:00:00+00:00,0.00005552
2026-07-09 16:00:00+00:00,0.00005343
2026-07-10 00:00:00+00:00,0.00007151
2026-07-10 08:00:00+00:00,0.0001
2026-07-10 16:00:00+00:00,0.0001
2026-07-11 00:00:00+00:00,0.0001
2026-07-11 08:00:00+00:00,0.00007282
2026-07-11 16:00:00+00:00,0.00008697
2026-07-12 00:00:00+00:00,0.00006748
2026-07-12 08:00:00+00:00,0.00001256
2026-07-12 16:00:00+00:00,0.00004795
2026-07-13 00:00:00+00:00,0.00002717
2026-07-13 08:00:00+00:00,-0.0000426
2026-07-13 16:00:00+00:00,0.00003144
2026-07-14 00:00:00+00:00,0.00002559
2026-07-14 08:00:00+00:00,0.00006919
2026-07-14 16:00:00+00:00,0.0001
2026-07-15 00:00:00+00:00,0.0001
2026-07-15 08:00:00+00:00,0.0001
2026-07-15 16:00:00+00:00,0.00003971
2026-07-16 00:00:00+00:00,0.00005402
2026-07-16 08:00:00+00:00,0.0000381
2026-07-16 16:00:00+00:00,0.00003123
2026-07-17 00:00:00+00:00,0.00001171
2026-07-17 08:00:00+00:00,-0.00001184
2026-07-17 16:00:00+00:00,0.0000369
2026-07-18 00:00:00+00:00,0.00002879
2026-07-18 08:00:00+00:00,0.00002942
2026-07-18 16:00:00+00:00,-0.00000626
2026-07-19 00:00:00+00:00,0.00002913
2026-07-19 08:00:00+00:00,0.0001
2026-07-19 16:00:00+00:00,0.00006601
2026-07-20 00:00:00+00:00,0.00003147
2026-07-20 08:00:00+00:00,0.00001131
2026-07-20 16:00:00+00:00,0.00003778
2026-07-21 00:00:00+00:00,0.00003242
2026-07-21 08:00:00+00:00,0.00006956
2026-07-21 16:00:00+00:00,0.00004234
2026-07-22 00:00:00+00:00,0.00003311
2026-07-22 08:00:00+00:00,0.00001733
2026-07-22 16:00:00+00:00,-0.00002153
2026-07-23 00:00:00+00:00,-0.00002066
2026-07-23 08:00:00+00:00,-0.0000346
2026-07-23 16:00:00+00:00,0.00000774
2026-07-24 00:00:00+00:00,0.00001704
2026-07-24 08:00:00+00:00,0.00004542
2026-07-24 16:00:00+00:00,-0.0000106
2026-07-25 00:00:00+00:00,-0.00001854
2026-07-25 08:00:00+00:00,-0.00002672
2026-07-25 16:00:00+00:00,-0.00004668
2026-07-26 00:00:00+00:00,-0.00001212
2026-07-26 08:00:00+00:00,0.00001197
2026-07-26 16:00:00+00:00,0.00001413
2026-07-27 00:00:00+00:00,0.0000505
2026-07-27 08:00:00+00:00,0.00006021
2026-07-27 16:00:00+00:00,0.00003134
2026-07-28 00:00:00+00:00,0.00001305
2026-07-28 08:00:00+00:00,-0.00004604
2026-07-28 16:00:00+00:00,0.00002835
2026-07-29 00:00:00+00:00,0.00005251
2026-07-29 08:00:00+00:00,0.0000434
2026-07-29 16:00:00+00:00,0.00009584
2026-07-30 00:00:00+00:00,0.00004388
2026-07-30 08:00:00+00:00,0.00009495
2026-07-30 16:00:00+00:00,0.00007271
2026-07-31 00:00:00+00:00,0.0001
2026-07-31 08:00:00+00:00,-0.00001198
2026-07-31 16:00:00+00:00,0.00001642
2026-08-01 00:00:00+00:00,0.00000284
2026-08-01 08:00:00+00:00,-0.00001066
2026-08-01 16:00:00+00:00,0.00004871
2026-08-02 00:00:00+00:00,0.00001631
2026-08-02 08:00:00+00:00,0.0001
2026-08-02 16:00:00+00:00,0.00000008
2026-08-03 00:00:00+00:00,0.00004142
2026-08-03 08:00:00+00:00,0.00000921
2026-08-03 16:00:00+00:00,0.00004861
2026-08-04 00:00:00+00:00,0.00004654
2026-08-04 08:00:00+00:00,0.0001
2026-08-04 16:00:00+00:00,0.00006252
2026-08-05 00:00:00+00:00,0.00003783
2026-08-05 08:00:00+00:00,0.00005918
2026-08-05 16:00:00+00:00,0.00003528
2026-08-06 00:00:00+00:00,-0.00000488
2026-08-06 08:00:00+00:00,0.00002016
2026-08-06 16:00:00+00:00,0.00002237
2026-08-07 00:00:00+00:00,-0.00002858
2026-08-07 08:00:00+00:00,-0.00001043
2026-08-07 16:00:00+00:00,0.00007867
2026-08-08 00:00:00+00:00,0.00000335
2026-08-08 08:00:00+00:00,0.00003891
2026-08-08 16:00:00+00:00,0.00002947
2026-08-09 00:00:00+00:00,-0.00000648
2026-08-09 08:00:00+00:00,0.00000966
2026-08-09 16:00:00+00:00,0.00007877
2026-08-10 00:00:00+00:00,0.00009822
2026-08-10 08:00:00+00:00,0.00005639
2026-08-10 16:00:00+00:00,0.0000357
2026-08-11 00:00:00+00:00,0.0000412
2026-08-11 08:00:00+00:00,0.00002938
2026-08-11 16:00:00+00:00,0.00003597
2026-08-12 00:00:00+00:00,0.00002343
2026-08-12 08:00:00+00:00,0.00007473
2026-08-12 16:00:00+00:00,0.00004054
2026-08-13 00:00:00+00:00,0.0000193
2026-08-13 08:00:00+00:00,0.00006966
2026-08-13 16:00:00+00:00,0.00005862
2026-08-14 00:00:00+00:00,0.00005514
2026-08-14 08:00:00+00:00,0.00000734
2026-08-14 16:00:00+00:00,0.00000282
2026-08-15 00:00:00+00:00,0.00006855
2026-08-15 08:00:00+00:00,0.00004737
2026-08-15 16:00:00+00:00,0.00004403
2026-08-16 00:00:00+00:00,0.0000301
2026-08-16 08:00:00+00:00,0.00001182
2026-08-16 16:00:00+00:00,0.00003034
2026-08-17 00:00:00+00:00,0.00000656
2026-08-17 08:00:00+00:00,0.0000625
2026-08-17 16:00:00+00:00,0.00005373
2026-08-18 00:00:00+00:00,0.00000787
2026-08-18 08:00:00+00:00,0.0000419
2026-08-18 16:00:00+00:00,0.00003259
2026-08-19 00:00:00+00:00,0.00001808
2026-08-19 08:00:00+00:00,0.00002203
2026-08-19 16:00:00+00:00,0.00009074
2026-08-20 00:00:00+00:00,0.00006707
2026-08-20 08:00:00+00:00,0.0001
2026-08-20 16:00:00+00:00,0.00001028
2026-08-21 00:00:00+00:00,0.00001411
2026-08-21 08:00:00+00:00,0.0001
2026-08-21 16:00:00+00:00,0.0001
2026-08-22 00:00:00+00:00,0.0001
2026-08-22 08:00:00+00:00,0.0001
2026-08-22 16:00:00+00:00,0.0001
2026-08-23 00:00:00+00:00,0.0001
2026-08-23 08:00:00+00:00,0.0001
2026-08-23 16:00:00+00:00,0.0001
2026-08-24 00:00:00+00:00,0.0001
2026-08-24 08:00:00+00:00,0.0001
2026-08-24 16:00:00+00:00,0.0001
2026-08-25 00:00:00+00:00,0.00003399
2026-08-25 08:00:00+00:00,0.0001
2026-08-25 16:00:00+00:00,0.00003529
2026-08-26 00:00:00+00:00,0.00000282
2026-08-26 08:00:00+00:00,0.00003851
2026-08-26 16:00:00+00:00,0.00002805
2026-08-27 00:00:00+00:00,0.00001149
2026-08-27 08:00:00+00:00,0.00004524
2026-08-27 16:00:00+00:00,0.00004435
2026-08-28 00:00:00+00:00,0.00002538
2026-08-28 08:00:00+00:00,0.00005545
2026-08-28 16:00:00+00:00,0.00006678
2026-08-29 00:00:00+00:00,0.00008981
2026-08-29 08:00:00+00:00,0.00003404
2026-08-29 16:00:00+00:00,0.00006594
2026-08-30 00:00:00+00:00,0.00004222
2026-08-30 08:00:00+00:00,0.00006716
2026-08-30 16:00:00+00:00,0.00007004
2026-08-31 00:00:00+00:00,0.00006499
2026-08-31 08:00:00+00:00,0.00008566
2026-08-31 16:00:00+00:00,0.00005905
2026-09-01 00:00:00+00:00,0.00002179
2026-09-01 08:00:00+00:00,0.0001
2026-09-01 16:00:00+00:00,0.00002407
2026-09-02 00:00:00+00:00,0.00002041
2026-09-02 08:00:00+00:00,0.00008602
2026-09-02 16:00:00+00:00,0.00005918
2026-09-03 00:00:00+00:00,0.00006847
2026-09-03 08:00:00+00:00,0.00009388
2026-09-03 16:00:00+00:00,0.00008434
2026-09-04 00:00:00+00:00,0.00007352
2026-09-04 08:00:00+00:00,0.00006921
2026-09-04 16:00:00+00:00,0.00004426
2026-09-05 00:00:00+00:00,-0.00002218
2026-09-05 08:00:00+00:00,0.00002107
2026-09-05 16:00:00+00:00,-0.0000221
2026-09-06 00:00:00+00:00,0.00001606
2026-09-06 08:00:00+00:00,0.00002086
2026-09-06 16:00:00+00:00,0.00002976
2026-09-07 00:00:00+00:00,0.00002607
2026-09-07 08:00:00+00:00,0.00000745
2026-09-07 16:00:00+00:00,0.00001982
2026-09-08 00:00:00+00:00,0.00003603
2026-09-08 08:00:00+00:00,0.00002994
2026-09-08 16:00:00+00:00,0.00005769
2026-09-09 00:00:00+00:00,0.00005357
2026-09-09 08:00:00+00:00,0.00006898
2026-09-09 16:00:00+00:00,0.00007774
2026-09-10 00:00:00+00:00,0.00001277
2026-09-10 08:00:00+00:00,0.00004095
2026-09-10 16:00:00+00:00,0.00007636
2026-09-11 00:00:00+00:00,0.00005091
2026-09-11 08:00:00+00:00,0.00002005
2026-09-11 16:00:00+00:00,0.00005602
2026-09-12 00:00:00+00:00,0.00000219
2026-09-12 08:00:00+00:00,0.00001549
2026-09-12 16:00:00+00:00,0.00003813
2026-09-13 00:00:00+00:00,0.00005721
2026-09-13 08:00:00+00:00,0.00004304
2026-09-13 16:00:00+00:00,0.00003959
2026-09-14 00:00:00+00:00,0.00003772
2026-09-14 08:00:00+00:00,0.00007731
2026-09-14 16:00:00+00:00,0.00004341
2026-09-15 00:00:00+00:00,0.00002656
2026-09-15 08:00:00+00:00,0.00001124
2026-09-15 16:00:00+00:00,0.00003615
2026-09-16 00:00:00+00:00,0.00004674
2026-09-16 08:00:00+00:00,0.00004262
2026-09-16 16:00:00+00:00,0.00006917
2026-09-17 00:00:00+00:00,0.00005959
2026-09-17 08:00:00+00:00,0.00005851
2026-09-17 16:00:00+00:00,0.00006259
2026-09-18 00:00:00+00:00,0.00001879
2026-09-18 08:00:00+00:00,0.00008745
2026-09-18 16:00:00+00:00,0.0001
2026-09-19 00:00:00+00:00,0.00008884
2026-09-19 08:00:00+00:00,0.00008679
2026-09-19 16:00:00+00:00,0.0001
2026-09-20 00:00:00+00:00,0.00006562
2026-09-20 08:00:00+00:00,0.00007123
2026-09-20 16:00:00+00:00,0.0000426
2026-09-21 00:00:00+00:00,0.0001
2026-09-21 08:00:00+00:00,0.0001
2026-09-21 16:00:00+00:00,0.00008264
2026-09-22 00:00:00+00:00,0.0001
2026-09-22 08:00:00+00:00,0.00009068
2026-09-22 16:00:00+00:00,0.00003607
2026-09-23 00:00:00+00:00,0.00003927
2026-09-23 08:00:00+00:00,0.00008058
2026-09-23 16:00:00+00:00,0.00005775
2026-09-24 00:00:00+00:00,0.00000678
2026-09-24 08:00:00+00:00,-0.00001295
2026-09-24 16:00:00+00:00,0.00000951
2026-09-25 00:00:00+00:00,0.00002517
2026-09-25 08:00:00+00:00,-0.00000134
2026-09-25 16:00:00+00:00,-0.00000533
2026-09-26 00:00:00+00:00,0.00001043
2026-09-26 08:00:00+00:00,0.00002446
2026-09-26 16:00:00+00:00,-0.00001027
2026-09-27 00:00:00+00:00,0.00004892
2026-09-27 08:00:00+00:00,0.00002285
2026-09-27 16:00:00+00:00,0.00003647
2026-09-28 00:00:00+00:00,0.00000962
2026-09-28 08:00:00+00:00,-0.00002442
2026-09-28 16:00:00+00:00,0.00004941
2026-09-29 00:00:00+00:00,0.0000297
2026-09-29 08:00:00+00:00,0.00002815
2026-09-29 16:00:00+00:00,-0.00000398
2026-09-30 00:00:00+00:00,0.00006254
2026-09-30 08:00:00+00:00,-0.00000397
2026-09-30 16:00:00+00:00,0.00005495
2026-10-01 00:00:00+00:00,0.00004076
