time,o,h,l,c,v,log_return
2025-10-02T00:00:00+00:00,118573.0,119430.0,118333.0,118591.0,5573.10169,
2025-10-02T02:00:00+00:00,118591.0,119035.0,118431.0,118680.0,1388.78318,0.0007501970672696021
2025-10-02T04:00:00+00:00,118680.0,118879.0,118203.0,118321.0,1940.8524,-0.0030295253992671193
2025-10-02T06:00:00+00:00,118320.0,118638.0,118240.0,118435.0,894.89271,0.0009630168511912096
2025-10-02T08:00:00+00:00,118435.0,118813.0,118301.0,118806.0,889.94097,0.0031276238291672903
2025-10-02T10:00:00+00:00,118806.0,118888.0,118481.0,118725.0,1041.94169,-0.0006820162685269313
2025-10-02T12:00:00+00:00,118724.0,119718.0,118696.0,119563.0,3457.24945,0.007033534669767309
2025-10-02T14:00:00+00:00,119564.0,119923.0,118470.0,119890.0,4795.07056,0.0027312266146094256
2025-10-02T16:00:00+00:00,119890.0,120294.0,119322.0,119889.0,4033.40155,-8.341014017130357e-06
2025-10-02T18:00:00+00:00,119889.0,121050.0,119887.0,120829.0,4106.94462,0.007810008209049731
2025-10-02T20:00:00+00:00,120829.0,120955.0,120120.0,120138.0,2611.83437,-0.005735240876027393
2025-10-02T22:00:00+00:00,120137.0,120671.0,120036.0,120516.0,1792.96063,0.0031414421606347598
2025-10-03T00:00:00+00:00,120516.0,120554.0,119790.0,119881.0,1347.42855,-0.005282940110523034
2025-10-03T02:00:00+00:00,119881.0,120481.0,119857.0,120237.0,1496.45846,0.0029652109449804366
2025-10-03T04:00:00+00:00,120236.0,120336.0,119773.0,119945.0,977.40224,-0.0024314906517742233
2025-10-03T06:00:00+00:00,119945.0,120098.0,119632.0,119647.0,987.92196,-0.0024875634718017465
2025-10-03T08:00:00+00:00,119647.0,120375.0,119216.0,120313.0,1875.06326,0.005550939407539928
2025-10-03T10:00:00+00:00,120312.0,120538.0,120150.0,120363.0,981.2094,0.00041549635791952763
2025-10-03T12:00:00+00:00,120363.0,120707.0,120113.0,120397.0,1366.85728,0.00028243894522361675
2025-10-03T14:00:00+00:00,120398.0,122479.0,119901.0,122321.0,6485.94161,0.015854121244582096
2025-10-03T16:00:00+00:00,122321.0,123950.0,121651.0,122131.0,14410.21358,-0.0015544977194759317
2025-10-03T18:00:00+00:00,122131.0,123021.0,121525.0,122694.0,3350.03847,0.004599211619859569
2025-10-03T20:00:00+00:00,122695.0,122785.0,122037.0,122344.0,1918.15777,-0.0028567017199103316
2025-10-03T22:00:00+00:00,122345.0,122732.0,122228.0,122266.0,838.96506,-0.0006377499091918459
2025-10-04T00:00:00+00:00,122268.0,122347.0,121749.0,121915.0,1270.71644,-0.002874918537935311
2025-10-04T02:00:00+00:00,121916.0,122369.0,121709.0,122283.0,1356.07934,0.003013949979710882
2025-10-04T04:00:00+00:00,122284.0,122853.0,122264.0,122578.0,906.25128,0.00240953147072779
2025-10-04T06:00:00+00:00,122578.0,122645.0,122293.0,122364.0,644.44954,-0.0017473528790446296
2025-10-04T08:00:00+00:00,122364.0,122577.0,122220.0,122258.0,855.34152,-0.000866643283387853
2025-10-04T10:00:00+00:00,122258.0,122366.0,121997.0,122014.0,805.22888,-0.0019977736388317713
2025-10-04T12:00:00+00:00,122014.0,122553.0,122005.0,122436.0,1016.38408,0.003452652233299052
2025-10-04T14:00:00+00:00,122436.0,122513.0,121750.0,121844.0,1845.49682,-0.004846906492246692
2025-10-04T16:00:00+00:00,121844.0,122021.0,121657.0,121808.0,960.19555,-0.0002955034250649596
2025-10-04T18:00:00+00:00,121809.0,122038.0,121500.0,122038.0,952.01541,0.0018864370808408775
2025-10-04T20:00:00+00:00,122038.0,122426.0,121931.0,122257.0,945.46664,0.0017929147847103824
2025-10-04T22:00:00+00:00,122257.0,122500.0,122203.0,122455.0,700.10756,0.0016182291281830882
2025-10-05T00:00:00+00:00,122456.0,122489.0,122200.0,122453.0,695.57288,-1.633266369452341e-05
2025-10-05T02:00:00+00:00,122453.0,124449.0,122417.0,123854.0,6509.33579,0.011376169653560093
2025-10-05T04:00:00+00:00,123853.0,125913.0,123809.0,125226.0,7033.14284,0.011016652290212174
2025-10-05T06:00:00+00:00,125225.0,125335.0,124728.0,124786.0,2973.80653,-0.003519834682110511
2025-10-05T08:00:00+00:00,124786.0,124944.0,122844.0,123095.0,4745.68164,-0.013643855174299483
2025-10-05T10:00:00+00:00,123094.0,123644.0,122594.0,123559.0,3071.99985,0.0037623598023151386
2025-10-05T12:00:00+00:00,123558.0,123559.0,123016.0,123254.0,1462.41446,-0.0024715080263513125
2025-10-05T14:00:00+00:00,123254.0,123435.0,122762.0,122889.0,1592.36682,-0.0029657578524389058
2025-10-05T16:00:00+00:00,122888.0,123550.0,122300.0,123137.0,2415.67803,0.0020160477672978433
2025-10-05T18:00:00+00:00,123136.0,123305.0,122594.0,122680.0,1697.51365,-0.003718217426030911
2025-10-05T20:00:00+00:00,122681.0,123140.0,122545.0,122823.0,1543.52776,0.0011649553461453139
2025-10-05T22:00:00+00:00,122822.0,123623.0,122822.0,123570.0,1850.92347,0.00606350252390292
2025-10-06T00:00:00+00:00,123570.0,124462.0,123184.0,124151.0,4701.62344,0.004690769578089786
2025-10-06T02:00:00+00:00,124151.0,124339.0,123582.0,123941.0,1264.06726,-0.0016929207725735623
2025-10-06T04:00:00+00:00,123941.0,124089.0,123392.0,123676.0,1304.3747,-0.0021404031320218357
2025-10-06T06:00:00+00:00,123676.0,124283.0,123368.0,123474.0,1908.33921,-0.0016346352011264705
2025-10-06T08:00:00+00:00,123474.0,124170.0,123473.0,124049.0,721.15407,0.004646041251232263
2025-10-06T10:00:00+00:00,124048.0,124635.0,123820.0,124314.0,1463.50011,0.002133974066701427
2025-10-06T12:00:00+00:00,124314.0,125180.0,124267.0,125127.0,4262.1236,0.006518598617225153
2025-10-06T14:00:00+00:00,125127.0,125498.0,124415.0,125084.0,5123.79683,-0.0003437099122206347
2025-10-06T16:00:00+00:00,125083.0,125942.0,124879.0,125384.0,3517.84418,0.0023955167403620645
2025-10-06T18:00:00+00:00,125383.0,126297.0,125126.0,125503.0,3536.62538,0.000948634316836521
2025-10-06T20:00:00+00:00,125504.0,125634.0,124552.0,125167.0,3925.00908,-0.00268081702022426
2025-10-06T22:00:00+00:00,125167.0,125350.0,124701.0,124711.0,2034.19185,-0.003649785144712956
2025-10-07T00:00:00+00:00,124711.0,125167.0,124501.0,124768.0,2105.51008,0.00045695229652059876
2025-10-07T02:00:00+00:00,124767.0,124775.0,124140.0,124363.0,2359.66355,-0.0032513043882176048
2025-10-07T04:00:00+00:00,124362.0,124710.0,124130.0,124455.0,2555.23167,0.0007394963723891714
2025-10-07T06:00:00+00:00,124454.0,124523.0,123600.0,123727.0,1767.69984,-0.005866679195264516
2025-10-07T08:00:00+00:00,123726.0,124300.0,123365.0,124164.0,2107.90667,0.0035257468217199973
2025-10-07T10:00:00+00:00,124164.0,124584.0,124068.0,124521.0,1180.32847,0.0028711039687659918
2025-10-07T12:00:00+00:00,124522.0,125244.0,123468.0,124001.0,3894.17534,-0.004184746290932103
2025-10-07T14:00:00+00:00,124001.0,124110.0,121247.0,121971.0,15502.67331,-0.016506318529716034
2025-10-07T16:00:00+00:00,121974.0,122208.0,120878.0,121177.0,8619.65493,-0.006531024909026081
2025-10-07T18:00:00+00:00,121177.0,122047.0,120564.0,121677.0,6916.06546,0.004117706164849156
2025-10-07T20:00:00+00:00,121678.0,122375.0,121678.0,122084.0,2632.89046,0.003339339584355897
2025-10-07T22:00:00+00:00,122084.0,122259.0,121337.0,121401.0,1863.16744,-0.005610216575348769
2025-10-08T00:00:00+00:00,121400.0,122137.0,121334.0,122013.0,2199.08599,0.005028480609709591
2025-10-08T02:00:00+00:00,122014.0,122300.0,121256.0,121424.0,2018.49255,-0.004839043771914755
2025-10-08T04:00:00+00:00,121425.0,121969.0,121103.0,121437.0,1613.20055,0.00010705712331253579
2025-10-08T06:00:00+00:00,121436.0,121943.0,121100.0,121655.0,1800.88816,0.001793560120773864
2025-10-08T08:00:00+00:00,121655.0,122949.0,121575.0,122611.0,2038.26427,0.007827572246996
2025-10-08T10:00:00+00:00,122612.0,123285.0,122583.0,122959.0,1575.47263,0.0028342243185402833
2025-10-08T12:00:00+00:00,122959.0,123115.0,121700.0,122669.0,2988.81717,-0.0023612954121391247
2025-10-08T14:00:00+00:00,122669.0,123387.0,122016.0,122242.0,3596.41594,-0.003486984518129666
2025-10-08T16:00:00+00:00,122243.0,124244.0,122169.0,124105.0,3564.63436,0.015125294946664971
2025-10-08T18:00:00+00:00,124106.0,124303.0,123215.0,123523.0,3235.14752,-0.004700607941281098
2025-10-08T20:00:00+00:00,123514.0,123809.0,122883.0,123356.0,1184.41112,-0.0013528896785212493
2025-10-08T22:00:00+00:00,123356.0,123618.0,123125.0,123385.0,871.00601,0.00023506429927352252
2025-10-09T00:00:00+00:00,123384.0,123428.0,122363.0,122604.0,2063.93519,-0.00634989876976024
2025-10-09T02:00:00+00:00,122603.0,122604.0,121497.0,122078.0,3436.96278,-0.00429946469520691
2025-10-09T04:00:00+00:00,122078.0,122312.0,121817.0,122130.0,1858.26655,0.0004258664809171594
2025-10-09T06:00:00+00:00,122131.0,122212.0,121743.0,121922.0,1376.49059,-0.001704555179733394
2025-10-09T08:00:00+00:00,121922.0,121986.0,121131.0,121835.0,4081.38416,-0.0007138256845483238
2025-10-09T10:00:00+00:00,121835.0,122864.0,121673.0,122752.0,1786.82571,0.007498389502202751
2025-10-09T12:00:00+00:00,122751.0,123783.0,122269.0,122396.0,4145.15776,-0.00290437001524905
2025-10-09T14:00:00+00:00,122397.0,122582.0,120696.0,121187.0,7066.0322,-0.009926882649370932
2025-10-09T16:00:00+00:00,121187.0,121497.0,119526.0,120930.0,11052.91649,-0.002122941359114325
2025-10-09T18:00:00+00:00,120929.0,121064.0,120325.0,120868.0,3604.24078,-0.000512824765786082
2025-10-09T20:00:00+00:00,120876.0,121464.0,120784.0,121422.0,1693.54579,0.004573040286179261
2025-10-09T22:00:00+00:00,121422.0,121742.0,121301.0,121615.0,1430.03439,0.0015882358700124281
2025-10-10T00:00:00+00:00,121615.0,121853.0,121452.0,121612.0,1100.36957,-2.466831396315461e-05
2025-10-10T02:00:00+00:00,121611.0,121621.0,120780.0,120964.0,3656.0781,-0.005342668206095032
2025-10-10T04:00:00+00:00,120964.0,121550.0,120908.0,121527.0,1159.88414,0.004643479647593167
2025-10-10T06:00:00+00:00,121527.0,121703.0,120811.0,120868.0,2108.64546,-0.00543741928372676
2025-10-10T08:00:00+00:00,120869.0,121753.0,120869.0,121223.0,2723.46146,0.0029327835768590996
2025-10-10T10:00:00+00:00,121223.0,121600.0,121154.0,121501.0,1241.94333,0.002290668591150926
2025-10-10T12:00:00+00:00,121501.0,122460.0,121306.0,121630.0,2568.55609,0.001061156430936906
2025-10-10T14:00:00+00:00,121630.0,122000.0,118411.0,118984.0,14395.87906,-0.02199461934004821
2025-10-10T16:00:00+00:00,118985.0,119429.0,117535.0,117612.0,10274.82108,-0.011597959215253667
2025-10-10T18:00:00+00:00,117613.0,117815.0,115804.0,116632.0,12255.74721,-0.008367392272522312
2025-10-10T20:00:00+00:00,116626.0,117129.0,100837.0,113451.0,36688.1656,-0.027652653159809765
2025-10-10T22:00:00+00:00,113451.0,114766.0,110477.0,112761.0,11138.36411,-0.0061004910430760475
2025-10-11T00:00:00+00:00,112729.0,113172.0,110949.0,111060.0,5368.9314,-0.015199938786173827
2025-10-11T02:00:00+00:00,111060.0,113302.0,111042.0,112293.0,3323.10663,0.011040930951642602
2025-10-11T04:00:00+00:00,112294.0,112951.0,111660.0,112388.0,3500.81113,0.0008456434292290855
2025-10-11T06:00:00+00:00,112389.0,112767.0,110051.0,110352.0,3243.74983,-0.018281913505397308
2025-10-11T08:00:00+00:00,110352.0,111849.0,110116.0,111601.0,1747.96482,0.01125475379160604
2025-10-11T10:00:00+00:00,111599.0,112308.0,111581.0,112237.0,981.21859,0.005682696517393736
2025-10-11T12:00:00+00:00,112237.0,112487.0,111802.0,112214.0,1387.99835,-0.0002049445097638229
2025-10-11T14:00:00+00:00,112213.0,112347.0,111735.0,111740.0,1313.32489,-0.004233018457168656
2025-10-11T16:00:00+00:00,111739.0,112154.0,111371.0,111956.0,1485.6524,0.0019311929326506034
2025-10-11T18:00:00+00:00,111956.0,111991.0,110803.0,111146.0,1438.14999,-0.007261284605418398
2025-10-11T20:00:00+00:00,111146.0,111299.0,109546.0,110852.0,3310.76107,-0.002648674059037491
2025-10-11T22:00:00+00:00,110852.0,111249.0,110589.0,110592.0,1042.86055,-0.0023482245576617166
2025-10-12T00:00:00+00:00,110593.0,110626.0,109531.0,109943.0,1964.83808,-0.005885704069897098
2025-10-12T02:00:00+00:00,109944.0,111298.0,109515.0,110619.0,2491.63135,0.006129814897424582
2025-10-12T04:00:00+00:00,110620.0,111887.0,110549.0,111656.0,2504.47701,0.00933085163728012
2025-10-12T06:00:00+00:00,111657.0,112097.0,111439.0,111470.0,1123.0074,-0.0016672198048110173
2025-10-12T08:00:00+00:00,111470.0,111840.0,111066.0,111756.0,1103.24715,0.0025624269259889045
2025-10-12T10:00:00+00:00,111757.0,112050.0,111380.0,111795.0,1010.14017,0.0003489136742458617
2025-10-12T12:00:00+00:00,111795.0,112175.0,111209.0,111253.0,1679.79626,-0.004859950026866289
2025-10-12T14:00:00+00:00,111254.0,113720.0,111138.0,113174.0,10255.30564,0.017119570434438174
2025-10-12T16:00:00+00:00,113174.0,114709.0,113173.0,113784.0,7102.56657,0.00537545685858809
2025-10-12T18:00:00+00:00,113784.0,114388.0,113520.0,114331.0,1443.77154,0.004795835858388526
2025-10-12T20:00:00+00:00,114331.0,115591.0,114219.0,114852.0,5085.99919,0.004546592875454241
2025-10-12T22:00:00+00:00,114854.0,115793.0,114729.0,114940.0,3549.65315,0.0007659100778257237
2025-10-13T00:00:00+00:00,114940.0,115912.0,114748.0,115693.0,2007.64341,0.006529877993301745
2025-10-13T02:00:00+00:00,115693.0,115963.0,114602.0,114808.0,1843.25807,-0.007678963204266613
2025-10-13T04:00:00+00:00,114808.0,114982.0,114398.0,114614.0,1494.92173,-0.0016912070005457064
2025-10-13T06:00:00+00:00,114614.0,115582.0,114407.0,115402.0,2081.0402,0.00685172407826404
2025-10-13T08:00:00+00:00,115402.0,115441.0,114777.0,115103.0,703.28425,-0.00259430526625975
2025-10-13T10:00:00+00:00,115103.0,115158.0,113600.0,114153.0,2901.1294,-0.008287725840694059
2025-10-13T12:00:00+00:00,114153.0,115483.0,113888.0,115302.0,5898.55695,0.010015119338949855
2025-10-13T14:00:00+00:00,115302.0,115476.0,113750.0,114264.0,4084.4699,-0.009043212618017724
2025-10-13T16:00:00+00:00,114267.0,115149.0,114165.0,114988.0,2456.08856,0.006316214532222555
2025-10-13T18:00:00+00:00,114988.0,115835.0,114659.0,115749.0,2629.55029,0.006596278527619166
2025-10-13T20:00:00+00:00,115748.0,115825.0,115342.0,115657.0,1209.83183,-0.0007951393209098067
2025-10-13T22:00:00+00:00,115658.0,115784.0,114932.0,115124.0,1730.33664,-0.004619105972154425
2025-10-14T00:00:00+00:00,115124.0,115371.0,114046.0,114199.0,2968.51881,-0.008067267710959673
2025-10-14T02:00:00+00:00,114198.0,114219.0,113077.0,113427.0,5733.46128,-0.006783082424571274
2025-10-14T04:00:00+00:00,113428.0,113612.0,112306.0,112426.0,4390.81585,-0.008864230755593597
2025-10-14T06:00:00+00:00,112425.0,112635.0,111282.0,111649.0,5429.82348,-0.006935205750604541
2025-10-14T08:00:00+00:00,111648.0,112097.0,111000.0,111227.0,3620.99681,-0.00378686358604508
2025-10-14T10:00:00+00:00,111227.0,111589.0,110020.0,111261.0,4360.85177,0.0003056344635636344
2025-10-14T12:00:00+00:00,111263.0,111311.0,109764.0,110972.0,5366.4401,-0.002600875323763399
2025-10-14T14:00:00+00:00,110971.0,112864.0,110858.0,112848.0,10030.72332,0.016763863226692197
2025-10-14T16:00:00+00:00,112847.0,113154.0,111690.0,112854.0,12949.61326,5.3167450899091245e-05
2025-10-14T18:00:00+00:00,112854.0,113569.0,112021.0,112580.0,6278.8992,-0.002430867880841958
2025-10-14T20:00:00+00:00,112579.0,113180.0,112210.0,113101.0,2018.11325,0.004617144780085944
2025-10-14T22:00:00+00:00,113101.0,113576.0,112803.0,113020.0,2289.74006,-0.0007164306142692674
2025-10-15T00:00:00+00:00,113020.0,113093.0,112282.0,112693.0,1425.66659,-0.0028974868862266592
2025-10-15T02:00:00+00:00,112693.0,113592.0,111763.0,111990.0,3133.48292,-0.006257725720868408
2025-10-15T04:00:00+00:00,111990.0,112630.0,111710.0,112395.0,921.54779,0.0036098708897815963
2025-10-15T06:00:00+00:00,112394.0,112687.0,111835.0,112574.0,1330.5335,0.0015913306968868958
2025-10-15T08:00:00+00:00,112574.0,113511.0,112387.0,112561.0,2773.86504,-0.0001154862639256074
2025-10-15T10:00:00+00:00,112560.0,112638.0,111662.0,111866.0,1762.59202,-0.006193570485727496
2025-10-15T12:00:00+00:00,111867.0,112073.0,110665.0,111351.0,4970.01178,-0.0046143520770538515
2025-10-15T14:00:00+00:00,111351.0,112220.0,110364.0,110800.0,7294.38865,-0.004960600041380325
2025-10-15T16:00:00+00:00,110793.0,111210.0,110164.0,111203.0,4866.97192,0.0036305855566537188
2025-10-15T18:00:00+00:00,111195.0,111568.0,110831.0,111268.0,2658.56584,0.0005843458414765587
2025-10-15T20:00:00+00:00,111262.0,111551.0,110451.0,110782.0,6545.11712,-0.00437739946899901
2025-10-15T22:00:00+00:00,110782.0,111419.0,110561.0,110730.0,2005.18551,-0.00046950053229802963
2025-10-16T00:00:00+00:00,110730.0,111323.0,110321.0,111279.0,1846.44394,0.004945755524031185
2025-10-16T02:00:00+00:00,111280.0,111867.0,110998.0,111288.0,2412.43389,8.087452322142662e-05
2025-10-16T04:00:00+00:00,111300.0,111644.0,110698.0,110883.0,1885.99283,-0.0036458444046345347
2025-10-16T06:00:00+00:00,110883.0,111731.0,110526.0,110526.0,2311.58837,-0.003224803954499758
2025-10-16T08:00:00+00:00,110526.0,111600.0,109503.0,111110.0,3923.20014,0.005269914197782322
2025-10-16T10:00:00+00:00,111110.0,111690.0,111014.0,111405.0,1752.00985,0.0026515081934520095
2025-10-16T12:00:00+00:00,111405.0,112038.0,110672.0,110850.0,2881.5241,-0.004994273727048986
2025-10-16T14:00:00+00:00,110851.0,111435.0,108297.0,108515.0,9517.19098,-0.021289523789371274
2025-10-16T16:00:00+00:00,108525.0,109254.0,107539.0,108243.0,8624.45772,-0.0025097126082501923
2025-10-16T18:00:00+00:00,108244.0,108753.0,107657.0,108211.0,5099.83632,-0.00029567483375800307
2025-10-16T20:00:00+00:00,108214.0,108478.0,107450.0,108444.0,2966.0569,0.002150885876878139
2025-10-16T22:00:00+00:00,108445.0,108508.0,107727.0,108221.0,2301.50333,-0.002058478099773785
2025-10-17T00:00:00+00:00,108221.0,109126.0,107960.0,108827.0,1959.74801,0.0055840327914654835
2025-10-17T02:00:00+00:00,108827.0,109229.0,108400.0,109160.0,1589.03439,0.00305523044062703
2025-10-17T04:00:00+00:00,109161.0,109255.0,108278.0,108355.0,1692.70758,-0.007401822175843665
2025-10-17T06:00:00+00:00,108355.0,108492.0,105500.0,105589.0,8046.85918,-0.02585867448452366
2025-10-17T08:00:00+00:00,105589.0,105694.0,104499.0,104521.0,5939.36199,-0.010166191026246418
2025-10-17T10:00:00+00:00,104520.0,106588.0,103498.0,105671.0,7137.33764,0.010942485678504222
2025-10-17T12:00:00+00:00,105669.0,106160.0,104866.0,105813.0,4150.85038,0.0013428913897952832
2025-10-17T14:00:00+00:00,105817.0,106888.0,104513.0,106821.0,6118.01189,0.009481151188764133
2025-10-17T16:00:00+00:00,106821.0,107572.0,106071.0,106453.0,4495.11889,-0.0034509632230255737
2025-10-17T18:00:00+00:00,106452.0,107087.0,106208.0,106421.0,1507.83573,-0.00030064733354973706
2025-10-17T20:00:00+00:00,106440.0,107429.0,106337.0,107278.0,2163.23937,0.008020670141753814
2025-10-17T22:00:00+00:00,107279.0,107391.0,106341.0,106396.0,1187.84091,-0.00825561377985612
2025-10-18T00:00:00+00:00,106395.0,107277.0,106303.0,107134.0,1201.50689,0.006912405175388986
2025-10-18T02:00:00+00:00,107133.0,107280.0,106459.0,107042.0,1029.18157,-0.00085910658204921
2025-10-18T04:00:00+00:00,107042.0,107042.0,106398.0,106808.0,707.95005,-0.002188450721455872
2025-10-18T06:00:00+00:00,106778.0,107496.0,106600.0,106649.0,1343.83498,-0.0014897616794663066
2025-10-18T08:00:00+00:00,106649.0,106951.0,106589.0,106858.0,1014.32364,0.0019577818690395803
2025-10-18T10:00:00+00:00,106858.0,107189.0,106734.0,107171.0,575.06233,0.002924839373493144
2025-10-18T12:00:00+00:00,107172.0,107268.0,106773.0,106852.0,657.09568,-0.0029809902321480957
2025-10-18T14:00:00+00:00,106852.0,107122.0,106694.0,106926.0,867.25844,0.0006923070003052254
2025-10-18T16:00:00+00:00,106925.0,107034.0,106444.0,106854.0,896.45022,-0.0006735896970936248
2025-10-18T18:00:00+00:00,106854.0,107069.0,106684.0,107062.0,802.26845,0.001944689182216239
2025-10-18T20:00:00+00:00,107061.0,107303.0,106818.0,107145.0,1395.81687,0.000774951370905828
2025-10-18T22:00:00+00:00,107144.0,107251.0,106974.0,107143.0,463.80862,-1.8666467558218156e-05
2025-10-19T00:00:00+00:00,107143.0,107212.0,106713.0,106924.0,678.47721,-0.002046089088026323
2025-10-19T02:00:00+00:00,106924.0,107335.0,106767.0,107215.0,572.75063,0.0027178625017331808
2025-10-19T04:00:00+00:00,107216.0,107222.0,106769.0,106847.0,442.83128,-0.0034382595932943316
2025-10-19T06:00:00+00:00,106848.0,106860.0,106503.0,106726.0,718.32612,-0.0011331021519218343
2025-10-19T08:00:00+00:00,106725.0,108140.0,106056.0,107344.0,3989.67806,0.005773828344554363
2025-10-19T10:00:00+00:00,107345.0,108214.0,106959.0,107735.0,2314.0851,0.003635877335664344
2025-10-19T12:00:00+00:00,107735.0,108181.0,107319.0,108038.0,1663.07189,0.0028085089345281852
2025-10-19T14:00:00+00:00,108038.0,108586.0,107836.0,108435.0,1851.32602,0.0036678980296454716
2025-10-19T16:00:00+00:00,108436.0,109400.0,108179.0,109061.0,1912.79477,0.0057564436001328
2025-10-19T18:00:00+00:00,109062.0,109407.0,108726.0,108841.0,2805.63191,-0.0020192570490615664
2025-10-19T20:00:00+00:00,108841.0,108926.0,108538.0,108678.0,987.54116,-0.0014987199326068922
2025-10-19T22:00:00+00:00,108678.0,109300.0,108295.0,108591.0,2236.46719,-0.0008008506013270858
2025-10-20T00:00:00+00:00,108590.0,108591.0,107365.0,107995.0,3522.42157,-0.005503601381290582
2025-10-20T02:00:00+00:00,107995.0,110411.0,107782.0,110100.0,3926.32048,0.019304113972417564
2025-10-20T04:00:00+00:00,110101.0,111155.0,109908.0,111011.0,5390.5229,0.008240251772807544
2025-10-20T06:00:00+00:00,111011.0,111399.0,110988.0,111161.0,2274.88892,0.001350305374138576
2025-10-20T08:00:00+00:00,111160.0,111679.0,110686.0,110955.0,1830.51854,-0.0018548871676397688
2025-10-20T10:00:00+00:00,110954.0,111093.0,110616.0,110996.0,1055.57756,0.000369450919043964
2025-10-20T12:00:00+00:00,110996.0,111189.0,110514.0,111121.0,2373.74097,0.0011255330586679958
2025-10-20T14:00:00+00:00,111121.0,111662.0,110701.0,111100.0,3434.76813,-0.0001890010400683787
2025-10-20T16:00:00+00:00,111099.0,111256.0,109798.0,110221.0,6166.88012,-0.007943255468088493
2025-10-20T18:00:00+00:00,110222.0,111033.0,110162.0,110753.0,2383.84663,0.00481505541699239
2025-10-20T20:00:00+00:00,110753.0,111219.0,110400.0,110513.0,1848.62727,-0.0021693354977295838
2025-10-20T22:00:00+00:00,110513.0,110845.0,110360.0,110479.0,1078.32039,-0.0003077034487064613
2025-10-21T00:00:00+00:00,110480.0,110482.0,109450.0,109802.0,1687.11796,-0.006146713802264046
2025-10-21T02:00:00+00:00,109802.0,109865.0,108994.0,109008.0,2255.63098,-0.00725746981447569
2025-10-21T04:00:00+00:00,109008.0,109008.0,107398.0,107466.0,6449.31104,-0.014246755560135861
2025-10-21T06:00:00+00:00,107467.0,108168.0,107436.0,108019.0,2715.61791,0.0051326191058180615
2025-10-21T08:00:00+00:00,108019.0,108041.0,107411.0,107704.0,2155.57656,-0.00292041390006096
2025-10-21T10:00:00+00:00,107705.0,108807.0,107530.0,108565.0,3498.24012,0.007962348268801473
2025-10-21T12:00:00+00:00,108566.0,109503.0,107786.0,108388.0,6069.65523,-0.001631690175020334
2025-10-21T14:00:00+00:00,108391.0,113537.0,108391.0,113386.0,16374.0259,0.04508054511139652
2025-10-21T16:00:00+00:00,113386.0,114244.0,111694.0,111954.0,11494.83829,-0.012709854238944532
2025-10-21T18:00:00+00:00,111954.0,112254.0,111238.0,111729.0,4745.66058,-0.0020117762716506905
2025-10-21T20:00:00+00:00,111731.0,111756.0,110045.0,110764.0,6905.31562,-0.0086744846002332
2025-10-21T22:00:00+00:00,110763.0,110763.0,107998.0,108245.0,8943.68723,-0.02300463533188944
2025-10-22T00:00:00+00:00,108246.0,108575.0,107800.0,108332.0,5158.42163,0.0008034094541860693
2025-10-22T02:00:00+00:00,108332.0,108649.0,107833.0,108160.0,1807.97575,-0.001588973598925823
2025-10-22T04:00:00+00:00,108160.0,108602.0,107845.0,108138.0,1447.48296,-0.0002034230559308324
2025-10-22T06:00:00+00:00,108138.0,108300.0,107565.0,108289.0,2530.86803,0.0013953898959111165
2025-10-22T08:00:00+00:00,108288.0,108326.0,107715.0,107900.0,2061.90024,-0.003598706870545209
2025-10-22T10:00:00+00:00,107906.0,108237.0,106400.0,107502.0,6377.46463,-0.00369542021827309
2025-10-22T12:00:00+00:00,107502.0,108990.0,107392.0,108771.0,7633.79033,0.011735302729182322
2025-10-22T14:00:00+00:00,108771.0,109132.0,107502.0,108391.0,14350.76758,-0.0034996950465458567
2025-10-22T16:00:00+00:00,108390.0,108770.0,107576.0,107788.0,5926.09172,-0.005578724703955499
2025-10-22T18:00:00+00:00,107788.0,108347.0,107448.0,107840.0,5686.45042,0.00048231213949982606
2025-10-22T20:00:00+00:00,107821.0,108018.0,106685.0,107163.0,5791.26172,-0.006297607358739499
2025-10-22T22:00:00+00:00,107162.0,107932.0,106892.0,107528.0,5410.57079,0.0034002389635897426
2025-10-23T00:00:00+00:00,107528.0,108789.0,107458.0,108159.0,4937.64842,0.0058510879209360605
2025-10-23T02:00:00+00:00,108158.0,108731.0,108101.0,108377.0,1968.95337,0.0020135226812412516
2025-10-23T04:00:00+00:00,108377.0,109000.0,108356.0,108958.0,1616.92834,0.005346597501950938
2025-10-23T06:00:00+00:00,108960.0,110333.0,108866.0,109289.0,5196.87582,0.003033262805770295
2025-10-23T08:00:00+00:00,109289.0,109915.0,109075.0,109445.0,2361.6537,0.0014263902863720795
2025-10-23T10:00:00+00:00,109446.0,109736.0,109089.0,109263.0,2506.86243,-0.0016643199335284993
2025-10-23T12:00:00+00:00,109264.0,109649.0,108700.0,109535.0,3020.49151,0.0024863128558732473
2025-10-23T14:00:00+00:00,109536.0,110130.0,108800.0,109910.0,4347.52619,0.0034177161933463085
2025-10-23T16:00:00+00:00,109909.0,111300.0,109653.0,111257.0,4515.96621,0.012180991334390132
2025-10-23T18:00:00+00:00,111259.0,111332.0,110110.0,110233.0,4581.17607,-0.009246532988854621
2025-10-23T20:00:00+00:00,110234.0,110234.0,109335.0,109524.0,3734.72082,-0.006452604103603993
2025-10-23T22:00:00+00:00,109525.0,110140.0,109506.0,110063.0,1447.09432,0.004909225796732889
2025-10-24T00:00:00+00:00,110062.0,110686.0,109980.0,110577.0,1789.8561,0.00465918174242727
2025-10-24T02:00:00+00:00,110578.0,110815.0,110233.0,110430.0,1201.23548,-0.0013302748028612306
2025-10-24T04:00:00+00:00,110430.0,111500.0,110325.0,111245.0,2224.9777,0.0073531401570815745
2025-10-24T06:00:00+00:00,111244.0,111556.0,110778.0,111072.0,1457.74222,-0.0015563365367453745
2025-10-24T08:00:00+00:00,111071.0,111508.0,110728.0,111341.0,1412.4819,0.0024189245337663673
2025-10-24T10:00:00+00:00,111341.0,111343.0,110630.0,111100.0,2366.05304,-0.002166867567557829
2025-10-24T12:00:00+00:00,111099.0,112142.0,110413.0,110992.0,4966.99537,-0.0009725700026388817
2025-10-24T14:00:00+00:00,110992.0,110993.0,109800.0,110109.0,5547.94884,-0.007987342385949356
2025-10-24T16:00:00+00:00,110110.0,110657.0,109851.0,110297.0,2408.30377,0.0017059430831626822
2025-10-24T18:00:00+00:00,110298.0,111001.0,110226.0,110659.0,1398.14659,0.0032766734000166005
2025-10-24T20:00:00+00:00,110659.0,111159.0,110519.0,111141.0,1213.06576,0.004346264731729333
2025-10-24T22:00:00+00:00,111141.0,111200.0,110928.0,111060.0,1176.31956,-0.0007290696584436319
2025-10-25T00:00:00+00:00,111060.0,111267.0,110704.0,111114.0,1132.57218,0.0004861054944623286
2025-10-25T02:00:00+00:00,111114.0,111182.0,110986.0,111057.0,472.88717,-0.0005131182850203632
2025-10-25T04:00:00+00:00,111058.0,111494.0,111057.0,111432.0,795.52686,0.003370956362827133
2025-10-25T06:00:00+00:00,111432.0,111888.0,111299.0,111551.0,1405.84848,0.001067346042499587
2025-10-25T08:00:00+00:00,111552.0,111888.0,111525.0,111578.0,1044.44403,0.00024201246930505716
2025-10-25T10:00:00+00:00,111578.0,111801.0,111444.0,111635.0,880.32034,0.0005107229528655549
2025-10-25T12:00:00+00:00,111635.0,112000.0,111554.0,111725.0,1298.99203,0.0008058739691148518
2025-10-25T14:00:00+00:00,111726.0,111806.0,111325.0,111396.0,1426.11538,-0.0029490746137194068
2025-10-25T16:00:00+00:00,111396.0,111549.0,111150.0,111402.0,1303.45926,5.3860447593250416e-05
2025-10-25T18:00:00+00:00,111403.0,111772.0,111330.0,111669.0,1158.62657,0.0023938578076472352
2025-10-25T20:00:00+00:00,111669.0,111701.0,111369.0,111516.0,765.091,-0.0013710600978338412
2025-10-25T22:00:00+00:00,111516.0,111730.0,111438.0,111683.0,465.59343,0.0014964227542536854
2025-10-26T00:00:00+00:00,111683.0,111934.0,111554.0,111690.0,908.72823,6.267543527909804e-05
2025-10-26T02:00:00+00:00,111690.0,111731.0,111266.0,111271.0,986.78151,-0.0037585092751324664
2025-10-26T04:00:00+00:00,111272.0,111670.0,111269.0,111625.0,599.83763,0.0031763719190604426
2025-10-26T06:00:00+00:00,111626.0,111756.0,111553.0,111756.0,482.9883,0.0011728841308578945
2025-10-26T08:00:00+00:00,111755.0,112846.0,111730.0,112564.0,2452.07782,0.007204025449903283
2025-10-26T10:00:00+00:00,112565.0,113515.0,112231.0,113309.0,1925.83648,0.006596651229712359
2025-10-26T12:00:00+00:00,113310.0,114145.0,113310.0,113749.0,2927.62911,0.0038756665764888417
2025-10-26T14:00:00+00:00,113750.0,113931.0,113460.0,113734.0,1684.43711,-0.00013187798667803563
2025-10-26T16:00:00+00:00,113734.0,113800.0,113311.0,113470.0,1725.84627,-0.0023239037940495887
2025-10-26T18:00:00+00:00,113470.0,113892.0,113469.0,113637.0,2024.14013,0.0014706726793983205
2025-10-26T20:00:00+00:00,113637.0,113659.0,112898.0,113521.0,2161.49078,-0.0010213156488714187
2025-10-26T22:00:00+00:00,113521.0,115777.0,113521.0,114601.0,5795.53768,0.00946868841263325
2025-10-27T00:00:00+00:00,114600.0,115481.0,114380.0,115354.0,2644.91259,0.006549130842256402
2025-10-27T02:00:00+00:00,115355.0,115540.0,114901.0,115050.0,1526.27111,-0.0026388446069397203
2025-10-27T04:00:00+00:00,115051.0,115800.0,115046.0,115635.0,1330.52724,0.005071862097960349
2025-10-27T06:00:00+00:00,115635.0,116475.0,115431.0,115566.0,3301.06724,-0.0005968832491948841
2025-10-27T08:00:00+00:00,115567.0,115618.0,114850.0,115280.0,1950.81468,-0.002477843638873679
2025-10-27T10:00:00+00:00,115288.0,115600.0,115151.0,115377.0,1326.58912,0.0008410757594022459
2025-10-27T12:00:00+00:00,115378.0,115529.0,114612.0,115312.0,3115.02864,-0.0005635292685836239
2025-10-27T14:00:00+00:00,115312.0,115400.0,114527.0,114992.0,3460.76128,-0.0027789374559983896
2025-10-27T16:00:00+00:00,114993.0,115757.0,114886.0,115751.0,1715.13565,0.00657877151179332
2025-10-27T18:00:00+00:00,115745.0,115834.0,114800.0,114960.0,2256.9306,-0.00685709046711066
2025-10-27T20:00:00+00:00,114961.0,114970.0,114131.0,114315.0,2730.64984,-0.0056264459845790284
2025-10-27T22:00:00+00:00,114314.0,114617.0,113824.0,114111.0,2254.36104,-0.001786136904160137
2025-10-28T00:00:00+00:00,114110.0,114544.0,113774.0,114418.0,2041.22198,0.002686750343952312
2025-10-28T02:00:00+00:00,114420.0,114481.0,113564.0,113903.0,2095.48636,-0.0045112002259422145
2025-10-28T04:00:00+00:00,113904.0,114085.0,113486.0,113600.0,1260.72033,-0.0026637027129893516
2025-10-28T06:00:00+00:00,113600.0,114352.0,113600.0,114170.0,1200.87862,0.00500505940118473
2025-10-28T08:00:00+00:00,114170.0,114620.0,114106.0,114515.0,1052.5485,0.003017253092547967
2025-10-28T10:00:00+00:00,114515.0,114658.0,114309.0,114350.0,1303.26757,-0.0014418983119937531
2025-10-28T12:00:00+00:00,114351.0,115551.0,114150.0,115551.0,3371.39724,0.010448070476375748
2025-10-28T14:00:00+00:00,115551.0,116129.0,114199.0,114640.0,6942.32338,-0.007915207425249532
2025-10-28T16:00:00+00:00,114641.0,115601.0,114499.0,115300.0,2094.07477,0.005740643755096838
2025-10-28T18:00:00+00:00,115301.0,115374.0,113477.0,113694.0,4845.8536,-0.014026798359480864
2025-10-28T20:00:00+00:00,113703.0,113716.0,112189.0,112964.0,10985.66604,-0.006441445032674298
2025-10-28T22:00:00+00:00,112963.0,113273.0,112708.0,112864.0,1620.49908,-0.0008856298292166919
2025-10-29T00:00:00+00:00,112864.0,112927.0,112048.0,112472.0,2407.38702,-0.003479252276035166
2025-10-29T02:00:00+00:00,112472.0,112765.0,112300.0,112502.0,931.35774,0.00026669748662346704
2025-10-29T04:00:00+00:00,112503.0,113356.0,112470.0,113020.0,1332.99837,0.004593794937467415
2025-10-29T06:00:00+00:00,113019.0,113570.0,112950.0,113569.0,1252.23552,0.004845787520889049
2025-10-29T08:00:00+00:00,113569.0,113627.0,112752.0,112976.0,1103.34489,-0.005235174948595319
2025-10-29T10:00:00+00:00,112977.0,113247.0,112705.0,113134.0,998.3835,0.0013975500925781001
2025-10-29T12:00:00+00:00,113134.0,113617.0,112662.0,112862.0,1732.72982,-0.0024071234122388483
2025-10-29T14:00:00+00:00,112861.0,112901.0,111400.0,111510.0,5520.79309,-0.012051560477059934
2025-10-29T16:00:00+00:00,111510.0,111927.0,110969.0,111839.0,4417.49557,0.0029460641234774453
2025-10-29T18:00:00+00:00,111869.0,112024.0,109305.0,110675.0,15346.27849,-0.010462358482543089
2025-10-29T20:00:00+00:00,110681.0,111872.0,110468.0,111684.0,3209.14298,0.009075476373369
2025-10-29T22:00:00+00:00,111684.0,111693.0,109810.0,110102.0,2986.35387,-0.014266246123657789
2025-10-30T00:00:00+00:00,110102.0,110807.0,109777.0,110537.0,2171.86114,0.0039430976719033355
2025-10-30T02:00:00+00:00,110538.0,111091.0,110416.0,110833.0,2726.14405,0.0026742573646600693
2025-10-30T04:00:00+00:00,110833.0,110833.0,107988.0,110303.0,10012.91667,-0.004793439465485875
2025-10-30T06:00:00+00:00,110303.0,111673.0,110033.0,111430.0,3574.47961,0.010165466619968895
2025-10-30T08:00:00+00:00,111430.0,111511.0,110184.0,110237.0,1856.36132,-0.010763997516589189
2025-10-30T10:00:00+00:00,110237.0,110288.0,109736.0,109784.0,1910.5911,-0.004117794575041279
2025-10-30T12:00:00+00:00,109775.0,109835.0,107415.0,107663.0,9416.26388,-0.019508820720248895
2025-10-30T14:00:00+00:00,107664.0,108435.0,107310.0,107752.0,4648.88046,0.0008263120494305827
2025-10-30T16:00:00+00:00,107753.0,108292.0,106773.0,107499.0,6127.11205,-0.002350745097644519
2025-10-30T18:00:00+00:00,107500.0,107580.0,106300.0,106526.0,6385.90639,-0.009092458389224836
2025-10-30T20:00:00+00:00,106526.0,107981.0,106282.0,107944.0,3638.00971,0.013223487318841888
2025-10-30T22:00:00+00:00,107944.0,108394.0,107490.0,108360.0,1837.3975,0.003846443088408124
2025-10-31T00:00:00+00:00,108361.0,110083.0,108321.0,109658.0,3346.5202,0.011907414401918772
2025-10-31T02:00:00+00:00,109658.0,109728.0,108543.0,109241.0,3991.38785,-0.003809980899221098
2025-10-31T04:00:00+00:00,109241.0,110259.0,109114.0,109901.0,2292.74195,0.0060235098296599334
2025-10-31T06:00:00+00:00,109901.0,109973.0,109256.0,109450.0,1086.79681,-0.004112136580380177
2025-10-31T08:00:00+00:00,109450.0,110474.0,109213.0,109874.0,2432.01684,0.0038664307436305184
2025-10-31T10:00:00+00:00,109875.0,110544.0,109476.0,110447.0,1841.94873,0.005201513173151622
2025-10-31T12:00:00+00:00,110447.0,110708.0,109379.0,110141.0,3256.25073,-0.0027744047389855657
2025-10-31T14:00:00+00:00,110143.0,111170.0,109579.0,110199.0,3793.05531,0.0005264591208096484
2025-10-31T16:00:00+00:00,110198.0,110280.0,108601.0,109300.0,5216.52456,-0.008191427084985228
2025-10-31T18:00:00+00:00,109301.0,110233.0,108960.0,109820.0,2692.94194,0.004746266668233745
2025-10-31T20:00:00+00:00,109821.0,109832.0,109315.0,109553.0,1852.55859,-0.0024342114283873407
2025-10-31T22:00:00+00:00,109553.0,109810.0,109480.0,109587.0,912.10639,0.0003103039177951315
2025-11-01T00:00:00+00:00,109587.0,110049.0,109378.0,109712.0,980.22565,0.0011399962018741833
2025-11-01T02:00:00+00:00,109712.0,110292.0,109451.0,110237.0,1219.4166,0.0047738430003647
2025-11-01T04:00:00+00:00,110237.0,110569.0,110044.0,110140.0,1233.84898,-0.0008803097080379109
2025-11-01T06:00:00+00:00,110136.0,110259.0,109943.0,110076.0,513.56479,-0.0005812475188165617
2025-11-01T08:00:00+00:00,110076.0,110291.0,109971.0,109990.0,472.19822,-0.000781583746493575
2025-11-01T10:00:00+00:00,109990.0,110251.0,109841.0,110141.0,544.4826,0.0013719105776431447
2025-11-01T12:00:00+00:00,110142.0,110200.0,109729.0,109955.0,469.53953,-0.0016901719638572172
2025-11-01T14:00:00+00:00,109955.0,110361.0,109731.0,110308.0,1196.57731,0.0032052619116062653
2025-11-01T16:00:00+00:00,110308.0,110540.0,110199.0,110226.0,878.41215,-0.0007436495395625108
2025-11-01T18:00:00+00:00,110224.0,110383.0,110203.0,110322.0,458.51316,0.0008705588449044199
2025-11-01T20:00:00+00:00,110322.0,110536.0,109874.0,109874.0,717.78225,-0.004069107687256995
2025-11-01T22:00:00+00:00,109875.0,110166.0,109874.0,110120.0,730.4351,0.002236425561904136
2025-11-02T00:00:00+00:00,110120.0,110160.0,109896.0,109981.0,408.31693,-0.0012630566737909454
2025-11-02T02:00:00+00:00,109982.0,110279.0,109896.0,110060.0,384.16822,0.0007180480309971703
2025-11-02T04:00:00+00:00,110061.0,110785.0,110034.0,110523.0,746.50292,0.004197972463452116
2025-11-02T06:00:00+00:00,110523.0,111048.0,110277.0,110896.0,882.62663,0.003369181080564044
2025-11-02T08:00:00+00:00,110897.0,111070.0,110514.0,110708.0,865.92557,-0.001696720682859115
2025-11-02T10:00:00+00:00,110709.0,111228.0,110341.0,111192.0,1995.67923,0.004362332289687264
2025-11-02T12:00:00+00:00,111192.0,111255.0,110157.0,110546.0,1610.47421,-0.005826712856362046
2025-11-02T14:00:00+00:00,110546.0,110653.0,110073.0,110092.0,1504.19764,-0.004115344054490189
2025-11-02T16:00:00+00:00,110092.0,110235.0,109697.0,110164.0,1887.27257,0.000653784710197217
2025-11-02T18:00:00+00:00,110155.0,110327.0,109919.0,110140.0,1075.04153,-0.0002178807474666127
2025-11-02T20:00:00+00:00,110139.0,110184.0,109845.0,109964.0,860.97657,-0.0015992443345982568
2025-11-02T22:00:00+00:00,109964.0,110718.0,109409.0,110529.0,2008.36772,0.005124890464729209
2025-11-03T00:00:00+00:00,110528.0,110735.0,109316.0,109650.0,2718.06107,-0.007984455100569192
2025-11-03T02:00:00+00:00,109651.0,109723.0,107842.0,107884.0,5678.52324,-0.016236899044672695
2025-11-03T04:00:00+00:00,107889.0,108006.0,107329.0,107567.0,3765.5134,-0.0029426665807952327
2025-11-03T06:00:00+00:00,107566.0,107791.0,106969.0,107456.0,3206.40178,-0.0010324477833536423
2025-11-03T08:00:00+00:00,107455.0,107889.0,106977.0,107179.0,1860.35698,-0.0025811275307961517
2025-11-03T10:00:00+00:00,107179.0,107911.0,106680.0,107782.0,1682.4295,0.005610334727331141
2025-11-03T12:00:00+00:00,107781.0,108248.0,107544.0,107897.0,1956.78249,0.0010663997041738245
2025-11-03T14:00:00+00:00,107896.0,108318.0,105240.0,105676.0,11777.33158,-0.020799258971598594
2025-11-03T16:00:00+00:00,105675.0,107759.0,105248.0,107443.0,7816.95698,0.01658266500239833
2025-11-03T18:00:00+00:00,107443.0,107556.0,106373.0,107037.0,2778.14451,-0.003785905305256685
2025-11-03T20:00:00+00:00,107037.0,107119.0,106020.0,106843.0,3808.35024,-0.0018141018627635967
2025-11-03T22:00:00+00:00,106843.0,106843.0,105741.0,106527.0,2990.78094,-0.002961993073374
2025-11-04T00:00:00+00:00,106528.0,107242.0,105810.0,106989.0,3754.34339,0.0043275512937319335
2025-11-04T02:00:00+00:00,106989.0,107194.0,106149.0,107109.0,2305.66079,0.0011209820976003065
2025-11-04T04:00:00+00:00,107109.0,107247.0,104133.0,104174.0,5827.07015,-0.027784429506139418
2025-11-04T06:00:00+00:00,104173.0,105170.0,104132.0,104439.0,4391.7225,0.0025405908791791753
2025-11-04T08:00:00+00:00,104440.0,104626.0,103582.0,103807.0,4891.11089,-0.006069763071995556
2025-11-04T10:00:00+00:00,103808.0,104667.0,103547.0,104556.0,3227.81903,0.0071894071995836206
2025-11-04T12:00:00+00:00,104555.0,104602.0,103569.0,103900.0,3537.25604,-0.00629391493196839
2025-11-04T14:00:00+00:00,103900.0,104816.0,102899.0,103159.0,8020.2871,-0.007157410818742469
2025-11-04T16:00:00+00:00,103161.0,103486.0,100730.0,101077.0,11144.51919,-0.020388884668702086
2025-11-04T18:00:00+00:00,101077.0,101701.0,99970.0,100506.0,10642.6818,-0.005665175408132539
2025-11-04T20:00:00+00:00,100506.0,101084.0,98895.0,100283.0,14157.90328,-0.0022212381324503206
2025-11-04T22:00:00+00:00,100282.0,101881.0,100029.0,101460.0,5782.62813,0.011668443061389694
2025-11-05T00:00:00+00:00,101462.0,101728.0,98927.0,100700.0,5645.72147,-0.00751883241402734
2025-11-05T02:00:00+00:00,100700.0,102269.0,100700.0,102137.0,4254.23808,0.014169249612682067
2025-11-05T04:00:00+00:00,102143.0,102372.0,101523.0,101819.0,2268.6803,-0.00311832216442943
2025-11-05T06:00:00+00:00,101819.0,102158.0,101477.0,101994.0,2799.03621,0.0017172608519183642
2025-11-05T08:00:00+00:00,101994.0,102217.0,101168.0,101982.0,2111.50449,-0.00011766090141829992
2025-11-05T10:00:00+00:00,101982.0,102111.0,101294.0,102074.0,1817.45,0.0009017133162825141
2025-11-05T12:00:00+00:00,102074.0,103280.0,101896.0,102990.0,4047.13898,0.008933855698158596
2025-11-05T14:00:00+00:00,102990.0,103815.0,102250.0,103751.0,4471.89013,0.007361901480863585
2025-11-05T16:00:00+00:00,103751.0,104067.0,103085.0,103936.0,2818.83298,0.0017815274805841601
2025-11-05T18:00:00+00:00,103935.0,104582.0,103786.0,104043.0,2885.78778,0.0010289501290073988
2025-11-05T20:00:00+00:00,104043.0,104570.0,103540.0,103695.0,1938.17912,-0.0033503771628274914
2025-11-05T22:00:00+00:00,103696.0,104139.0,103315.0,103925.0,1639.2262,0.002215587073363136
2025-11-06T00:00:00+00:00,103925.0,103925.0,102785.0,103407.0,3479.94261,-0.004996827096608444
2025-11-06T02:00:00+00:00,103405.0,103984.0,102871.0,103681.0,1270.64904,0.0026462195770869507
2025-11-06T04:00:00+00:00,103680.0,104236.0,103093.0,103138.0,2008.30258,-0.005250980303244507
2025-11-06T06:00:00+00:00,103138.0,103612.0,102911.0,103192.0,1202.31582,0.0005234333468998269
2025-11-06T08:00:00+00:00,103192.0,103445.0,102759.0,102776.0,1996.07675,-0.0040394679335264356
2025-11-06T10:00:00+00:00,102774.0,103278.0,102595.0,103206.0,2088.27881,0.004175128163000275
2025-11-06T12:00:00+00:00,103205.0,103629.0,102356.0,103300.0,4742.41704,0.0009103852332841266
2025-11-06T14:00:00+00:00,103300.0,103573.0,101537.0,101992.0,8314.22798,-0.012742997289771695
2025-11-06T16:00:00+00:00,101992.0,102350.0,100191.0,101765.0,13812.0289,-0.002228145230978698
2025-11-06T18:00:00+00:00,101762.0,102320.0,100862.0,101354.0,4096.40078,-0.004046894292746684
2025-11-06T20:00:00+00:00,101354.0,101600.0,100468.0,101087.0,3933.97444,-0.002637807112354367
2025-11-06T22:00:00+00:00,101088.0,101492.0,100973.0,101313.0,1803.95788,0.0022332025091448913
2025-11-07T00:00:00+00:00,101312.0,101846.0,100700.0,101502.0,2962.6871,0.0018637680123233403
2025-11-07T02:00:00+00:00,101502.0,102312.0,101201.0,101869.0,2267.42491,0.0036091713998753615
2025-11-07T04:00:00+00:00,101869.0,102490.0,101550.0,102416.0,2183.98095,0.005355276278562513
2025-11-07T06:00:00+00:00,102417.0,102450.0,101611.0,101997.0,1023.27704,-0.004099549312616797
2025-11-07T08:00:00+00:00,101997.0,102028.0,100775.0,100994.0,2211.7875,-0.009882291950968125
2025-11-07T10:00:00+00:00,100994.0,101220.0,99737.0,100401.0,5475.60057,-0.005888941768673268
2025-11-07T12:00:00+00:00,100398.0,100599.0,99237.0,100280.0,6134.18505,-0.0012058940772966885
2025-11-07T14:00:00+00:00,100273.0,101245.0,99502.0,100773.0,7894.56281,0.004904189324186558
2025-11-07T16:00:00+00:00,100774.0,102730.0,100466.0,102386.0,6921.93242,0.015879521894267834
2025-11-07T18:00:00+00:00,102386.0,103381.0,102239.0,103380.0,4934.9582,0.00966153525934615
2025-11-07T20:00:00+00:00,103381.0,103877.0,102937.0,103866.0,3358.45481,0.004690087054754189
2025-11-07T22:00:00+00:00,103866.0,104124.0,103290.0,103300.0,2091.82498,-0.005464230697054616
2025-11-08T00:00:00+00:00,103301.0,103367.0,102521.0,102947.0,2425.68632,-0.0034230834357806762
2025-11-08T02:00:00+00:00,102948.0,103304.0,102497.0,102531.0,3115.13815,-0.004049100812421572
2025-11-08T04:00:00+00:00,102531.0,102771.0,102233.0,102246.0,1492.63444,-0.002783517524079938
2025-11-08T06:00:00+00:00,102245.0,102473.0,101867.0,102312.0,1914.73633,0.0006452937777082406
2025-11-08T08:00:00+00:00,102311.0,102637.0,102093.0,102341.0,1646.13315,0.0002834065485880814
2025-11-08T10:00:00+00:00,102342.0,102592.0,101691.0,101813.0,1154.22492,-0.005172577341065629
2025-11-08T12:00:00+00:00,101813.0,102145.0,101676.0,101766.0,1538.12229,-0.0004617372207843924
2025-11-08T14:00:00+00:00,101767.0,102052.0,101428.0,101676.0,2085.73225,-0.0008847731134296085
2025-11-08T16:00:00+00:00,101676.0,101972.0,101477.0,101953.0,1089.21305,0.002720635772503428
2025-11-08T18:00:00+00:00,101953.0,102200.0,101465.0,101943.0,1886.72199,-9.808922203499278e-05
2025-11-08T20:00:00+00:00,101942.0,102328.0,101909.0,102229.0,855.60327,0.0028015613018605974
2025-11-08T22:00:00+00:00,102230.0,102445.0,102140.0,102269.0,576.22715,0.00039120187493406523
2025-11-09T00:00:00+00:00,102269.0,102302.0,101540.0,101996.0,2063.21982,-0.0026729999025491193
2025-11-09T02:00:00+00:00,101995.0,101996.0,101340.0,101620.0,1427.88136,-0.003693230663455662
2025-11-09T04:00:00+00:00,101621.0,102082.0,101589.0,101884.0,696.90116,0.002594545051660723
2025-11-09T06:00:00+00:00,101884.0,101925.0,101640.0,101898.0,590.41589,0.00013740173344099952
2025-11-09T08:00:00+00:00,101898.0,102078.0,101600.0,101618.0,790.19744,-0.002751628143903369
2025-11-09T10:00:00+00:00,101618.0,102274.0,101464.0,102182.0,1039.37829,0.0055348522063291845
2025-11-09T12:00:00+00:00,102181.0,102965.0,102003.0,102873.0,1219.11872,0.006739680725881548
2025-11-09T14:00:00+00:00,102873.0,104174.0,102721.0,103752.0,4636.51501,0.008508218294445417
2025-11-09T16:00:00+00:00,103749.0,103969.0,103308.0,103634.0,2745.66567,-0.0011379747208976345
2025-11-09T18:00:00+00:00,103634.0,104861.0,103498.0,104813.0,3115.49337,0.011312348682881437
2025-11-09T20:00:00+00:00,104814.0,105140.0,104302.0,104531.0,2496.76402,-0.0026941318649793956
2025-11-09T22:00:00+00:00,104531.0,105521.0,104105.0,104753.0,3957.37219,0.00212151987983462
2025-11-10T00:00:00+00:00,104748.0,106703.0,104291.0,105742.0,5329.04169,0.009396966936289953
2025-11-10T02:00:00+00:00,105742.0,106335.0,105628.0,106062.0,1678.38857,0.0030216638352314894
2025-11-10T04:00:00+00:00,106062.0,106532.0,105890.0,106117.0,1586.06262,0.0005184302049858945
2025-11-10T06:00:00+00:00,106118.0,106576.0,105980.0,106500.0,1162.64443,0.003602726162692636
2025-11-10T08:00:00+00:00,106501.0,106635.0,105876.0,106469.0,1624.30368,-0.0002911221841577013
2025-11-10T10:00:00+00:00,106470.0,106485.0,105979.0,106210.0,1271.6275,-0.002435596631873801
2025-11-10T12:00:00+00:00,106211.0,106628.0,105886.0,106577.0,2451.00734,0.0034494622688846757
2025-11-10T14:00:00+00:00,106578.0,106578.0,104610.0,105081.0,9380.33269,-0.01413624727146374
2025-11-10T16:00:00+00:00,105082.0,106019.0,104800.0,105973.0,2651.68316,0.0084528633541858
2025-11-10T18:00:00+00:00,105974.0,106119.0,105426.0,105838.0,2233.95588,-0.0012747215043628253
2025-11-10T20:00:00+00:00,105840.0,106333.0,105246.0,105629.0,2920.56215,-0.0019766683979127084
2025-11-10T22:00:00+00:00,105629.0,106306.0,105358.0,106015.0,1807.63975,0.003647638751734432
2025-11-11T00:00:00+00:00,106016.0,107519.0,105522.0,106094.0,3896.79034,0.0007449000622599147
2025-11-11T02:00:00+00:00,106094.0,107166.0,105604.0,106452.0,3949.02457,0.0033686857296763603
2025-11-11T04:00:00+00:00,106452.0,106544.0,105066.0,105221.0,2465.93611,-0.011631279172353105
2025-11-11T06:00:00+00:00,105221.0,105314.0,104699.0,104745.0,1689.6541,-0.0045340751879887195
2025-11-11T08:00:00+00:00,104744.0,105443.0,104730.0,104939.0,1250.98236,0.0018504039922413807
2025-11-11T10:00:00+00:00,104939.0,105480.0,104877.0,105280.0,1016.02394,0.003244238618657376
2025-11-11T12:00:00+00:00,105281.0,105468.0,104212.0,104366.0,3147.10476,-0.008719515668706213
2025-11-11T14:00:00+00:00,104368.0,104644.0,103163.0,103455.0,5151.14731,-0.008767216356936702
2025-11-11T16:00:00+00:00,103455.0,103730.0,102794.0,103313.0,3824.67429,-0.001373520296412071
2025-11-11T18:00:00+00:00,103313.0,103550.0,102880.0,103095.0,2695.72138,-0.0021123220132738805
2025-11-11T20:00:00+00:00,103096.0,103201.0,102455.0,102611.0,2912.07985,-0.004705753776222259
2025-11-11T22:00:00+00:00,102610.0,103181.0,102454.0,103034.0,2925.64333,0.004113891381501506
2025-11-12T00:00:00+00:00,103033.0,103356.0,102642.0,103229.0,2087.60612,0.0018907904771596781
2025-11-12T02:00:00+00:00,103229.0,103439.0,102912.0,103295.0,1235.23667,0.000639150919475064
2025-11-12T04:00:00+00:00,103295.0,103463.0,102987.0,103393.0,1011.23311,0.0009482892799185191
2025-11-12T06:00:00+00:00,103393.0,103648.0,103043.0,103110.0,904.38733,-0.002740881993658339
2025-11-12T08:00:00+00:00,103110.0,105062.0,103110.0,104506.0,1966.26285,0.013448106494705169
2025-11-12T10:00:00+00:00,104505.0,105198.0,104493.0,104994.0,1440.0217,0.004658719643107706
2025-11-12T12:00:00+00:00,104993.0,105299.0,104633.0,105019.0,1472.17296,0.0002380805009031065
2025-11-12T14:00:00+00:00,105018.0,105018.0,101889.0,102169.0,7187.77185,-0.027512981222022184
2025-11-12T16:00:00+00:00,102168.0,102281.0,101285.0,101727.0,6421.50889,-0.004335550401732784
2025-11-12T18:00:00+00:00,101727.0,101931.0,100729.0,101249.0,3819.39733,-0.004709925150148217
2025-11-12T20:00:00+00:00,101250.0,101907.0,101077.0,101895.0,2270.60739,0.006360041916709692
2025-11-12T22:00:00+00:00,101895.0,102000.0,101403.0,101623.0,2303.84243,-0.0026729838338598617
2025-11-13T00:00:00+00:00,101624.0,102600.0,101425.0,101997.0,3563.56703,0.0036735136095157024
2025-11-13T02:00:00+00:00,101997.0,102516.0,100851.0,102091.0,3611.2092,0.0009211713245955197
2025-11-13T04:00:00+00:00,102092.0,103387.0,101628.0,103122.0,3554.89836,0.010048180910979036
2025-11-13T06:00:00+00:00,103122.0,104000.0,102910.0,103451.0,3297.15433,0.0031853173277845014
2025-11-13T08:00:00+00:00,103451.0,103772.0,102527.0,102814.0,3344.18209,-0.00617654013147348
2025-11-13T10:00:00+00:00,102815.0,103278.0,102662.0,102908.0,1316.39878,0.0009138546829396619
2025-11-13T12:00:00+00:00,102909.0,103250.0,102102.0,102276.0,2417.18891,-0.0061603438736951505
2025-11-13T14:00:00+00:00,102277.0,103471.0,101138.0,101351.0,9395.50515,-0.009085301680604443
2025-11-13T16:00:00+00:00,101350.0,101506.0,99543.0,99584.0,8551.68096,-0.01758823053168475
2025-11-13T18:00:00+00:00,99585.0,99875.0,98111.0,98686.0,14321.90538,-0.009058416708874528
2025-11-13T20:00:00+00:00,98685.0,99085.0,98000.0,98850.0,7449.76262,0.001660457209628761
2025-11-13T22:00:00+00:00,98849.0,100587.0,98739.0,99735.0,6951.66607,0.008913118905902014
2025-11-14T00:00:00+00:00,99735.0,99841.0,98706.0,99277.0,6123.29496,-0.004602745649214733
2025-11-14T02:00:00+00:00,99277.0,99887.0,98780.0,99130.0,3030.14315,-0.0014818028285072005
2025-11-14T04:00:00+00:00,99130.0,99164.0,96658.0,97504.0,8562.71177,-0.01653871724150754
2025-11-14T06:00:00+00:00,97504.0,97736.0,95900.0,97151.0,7898.45883,-0.003626933672043385
2025-11-14T08:00:00+00:00,97150.0,97547.0,96656.0,96822.0,3597.26145,-0.003392227943984858
2025-11-14T10:00:00+00:00,96822.0,97292.0,95651.0,96136.0,5072.40683,-0.007110385578271616
2025-11-14T12:00:00+00:00,96136.0,96137.0,94471.0,95226.0,10101.51777,-0.009510841855522168
2025-11-14T14:00:00+00:00,95224.0,97348.0,94955.0,96800.0,12363.62108,0.01639398052905474
2025-11-14T16:00:00+00:00,96800.0,97398.0,95566.0,95850.0,6774.64499,-0.009862524790877868
2025-11-14T18:00:00+00:00,95851.0,96325.0,94800.0,95791.0,5974.44792,-0.0006157346482646898
2025-11-14T20:00:00+00:00,95790.0,95950.0,94206.0,95098.0,6612.90303,-0.007260796007404743
2025-11-14T22:00:00+00:00,95097.0,95558.0,94079.0,94634.0,4697.13608,-0.004891119315920997
2025-11-15T00:00:00+00:00,94633.0,95848.0,94615.0,95704.0,2693.58702,0.011243275348539887
2025-11-15T02:00:00+00:00,95705.0,96857.0,95467.0,96444.0,3127.24612,0.007702434149978599
2025-11-15T04:00:00+00:00,96444.0,96520.0,95948.0,96360.0,1863.61642,-0.0008713512719110854
2025-11-15T06:00:00+00:00,96364.0,96622.0,96001.0,96352.0,1578.04823,-8.302544734728301e-05
2025-11-15T08:00:00+00:00,96352.0,96369.0,95660.0,95827.0,1476.26264,-0.00546366987038874
2025-11-15T10:00:00+00:00,95828.0,96082.0,95638.0,95717.0,865.69466,-0.0011485612923673668
2025-11-15T12:00:00+00:00,95718.0,96400.0,95585.0,96395.0,1324.09957,0.0070584119148648155
2025-11-15T14:00:00+00:00,96395.0,96511.0,96063.0,96283.0,1263.15963,-0.0011625615027606965
2025-11-15T16:00:00+00:00,96284.0,96395.0,95716.0,96219.0,3698.27714,-0.0006649281810892644
2025-11-15T18:00:00+00:00,96219.0,96353.0,95915.0,96007.0,735.06497,-0.0022057378913702386
2025-11-15T20:00:00+00:00,96007.0,96021.0,95115.0,95282.0,3039.82345,-0.0075801898854065495
2025-11-15T22:00:00+00:00,95282.0,95680.0,95219.0,95592.0,1631.63154,0.0032482189566473236
2025-11-16T00:00:00+00:00,95593.0,95704.0,94838.0,95274.0,2119.25696,-0.003332183775437643
2025-11-16T02:00:00+00:00,95274.0,95984.0,95099.0,95809.0,1085.97541,0.005599675512427313
2025-11-16T04:00:00+00:00,95816.0,96207.0,95651.0,95883.0,1543.55621,0.0007720719036361936
2025-11-16T06:00:00+00:00,95883.0,96100.0,95722.0,96100.0,621.69903,0.002260617788167956
2025-11-16T08:00:00+00:00,96100.0,96654.0,95848.0,96653.0,1918.07422,0.005737929030821593
2025-11-16T10:00:00+00:00,96653.0,96654.0,95523.0,95665.0,2585.36082,-0.010274739670102373
2025-11-16T12:00:00+00:00,95664.0,95938.0,95141.0,95425.0,2026.31819,-0.002511906705672596
2025-11-16T14:00:00+00:00,95425.0,95700.0,94395.0,94589.0,1553.99285,-0.008799408404163466
2025-11-16T16:00:00+00:00,94589.0,94973.0,93756.0,94361.0,5804.73535,-0.002413338032916664
2025-11-16T18:00:00+00:00,94362.0,95578.0,93780.0,94045.0,6018.80793,-0.003354461071445528
2025-11-16T20:00:00+00:00,94044.0,94745.0,93385.0,93523.0,2446.13749,-0.005565995773722013
2025-11-16T22:00:00+00:00,93523.0,94578.0,93025.0,94291.0,5997.9745,0.008178349650835533
2025-11-17T00:00:00+00:00,94291.0,95507.0,93775.0,94792.0,2794.46124,0.005299272514557415
2025-11-17T02:00:00+00:00,94791.0,95585.0,94745.0,95537.0,1851.49024,0.007828589493832113
2025-11-17T04:00:00+00:00,95536.0,95605.0,94912.0,95145.0,987.16819,-0.004111563254300738
2025-11-17T06:00:00+00:00,95146.0,95919.0,94933.0,95678.0,1419.1701,0.005586343219846972
2025-11-17T08:00:00+00:00,95678.0,96055.0,95340.0,95682.0,1827.09138,4.1806020072884557e-05
2025-11-17T10:00:00+00:00,95681.0,95979.0,95412.0,95592.0,781.59772,-0.0009410584464374183
2025-11-17T12:00:00+00:00,95591.0,95606.0,93583.0,93966.0,4059.47729,-0.017156119835100937
2025-11-17T14:00:00+00:00,93966.0,96088.0,93785.0,94013.0,9227.02712,0.0005000558677233792
2025-11-17T16:00:00+00:00,94014.0,94477.0,92689.0,92772.0,7877.75501,-0.013288200453737183
2025-11-17T18:00:00+00:00,92772.0,93220.0,91631.0,91745.0,7311.23593,-0.01113188058942114
2025-11-17T20:00:00+00:00,91745.0,92301.0,91355.0,92024.0,7641.93983,0.003036423056792243
2025-11-17T22:00:00+00:00,92025.0,92458.0,91856.0,92272.0,2789.40477,0.002691324279347613
2025-11-18T00:00:00+00:00,92273.0,92415.0,91228.0,91791.0,2868.4851,-0.00522648326845629
2025-11-18T02:00:00+00:00,91791.0,91791.0,89704.0,90872.0,10487.50307,-0.01006233067547995
2025-11-18T04:00:00+00:00,90872.0,90883.0,89262.0,90245.0,6806.0189,-0.006923728912908803
2025-11-18T06:00:00+00:00,90245.0,90574.0,89365.0,90516.0,3249.33987,0.0029984366432824344
2025-11-18T08:00:00+00:00,90516.0,91507.0,90509.0,91426.0,2680.25313,0.0100032712433949
2025-11-18T10:00:00+00:00,91427.0,91642.0,91257.0,91538.0,1764.36366,0.0012242847116316266
2025-11-18T12:00:00+00:00,91538.0,91887.0,90928.0,91498.0,2745.39418,-0.0004370724954301833
2025-11-18T14:00:00+00:00,91498.0,93104.0,91033.0,92943.0,8318.19174,0.015669287906395754
2025-11-18T16:00:00+00:00,92943.0,93851.0,92611.0,93270.0,4814.57161,0.003512110713285745
2025-11-18T18:00:00+00:00,93269.0,93778.0,92988.0,93182.0,3333.64451,-0.0009439427470255443
2025-11-18T20:00:00+00:00,93182.0,93306.0,92450.0,92486.0,2415.41739,-0.007497288279490036
2025-11-18T22:00:00+00:00,92486.0,93430.0,92483.0,92972.0,1742.4584,0.0052410908399242095
2025-11-19T00:00:00+00:00,92973.0,92996.0,91949.0,92442.0,2964.50188,-0.005716951724487888
2025-11-19T02:00:00+00:00,92443.0,92873.0,91671.0,91879.0,2497.38952,-0.006108926827451956
2025-11-19T04:00:00+00:00,91879.0,91973.0,90025.0,90450.0,4838.86171,-0.015675282158936907
2025-11-19T06:00:00+00:00,90450.0,92029.0,90272.0,91874.0,3617.45474,0.015620861278720172
2025-11-19T08:00:00+00:00,91874.0,91956.0,91068.0,91516.0,2191.73814,-0.0039042527373906307
2025-11-19T10:00:00+00:00,91516.0,91772.0,91221.0,91399.0,1434.06969,-0.0012792829014187115
2025-11-19T12:00:00+00:00,91398.0,91920.0,91178.0,91383.0,2324.69228,-0.00017507194407399983
2025-11-19T14:00:00+00:00,91382.0,92393.0,89870.0,89939.0,5098.46807,-0.01592780277985085
2025-11-19T16:00:00+00:00,89938.0,90232.0,88888.0,89507.0,7197.63374,-0.004814828244399282
2025-11-19T18:00:00+00:00,89507.0,89741.0,88652.0,88888.0,5513.33642,-0.006939684231183121
2025-11-19T20:00:00+00:00,88888.0,90854.0,88617.0,90604.0,7257.76599,0.01912121190301395
2025-11-19T22:00:00+00:00,90603.0,91600.0,90100.0,91554.0,3906.01158,0.010430599952932119
2025-11-20T00:00:00+00:00,91554.0,92726.0,91188.0,92601.0,3637.03019,0.011370978592238913
2025-11-20T02:00:00+00:00,92600.0,92800.0,92326.0,92444.0,1925.9819,-0.0016968849487680555
2025-11-20T04:00:00+00:00,92444.0,93167.0,92131.0,92604.0,1900.36131,0.0017292814823417903
2025-11-20T06:00:00+00:00,92605.0,92852.0,91680.0,92324.0,1726.79835,-0.003028207885962514
2025-11-20T08:00:00+00:00,92325.0,92415.0,91450.0,91886.0,1132.45859,-0.004755451120158529
2025-11-20T10:00:00+00:00,91890.0,92053.0,91500.0,91941.0,887.36908,0.0005983887202767733
2025-11-20T12:00:00+00:00,91940.0,92522.0,91503.0,91521.0,2089.85178,-0.004578612832402239
2025-11-20T14:00:00+00:00,91522.0,91711.0,89825.0,89880.0,6815.22962,-0.018093006828091406
2025-11-20T16:00:00+00:00,89880.0,89926.0,86384.0,87253.0,15839.0953,-0.02966350287155175
2025-11-20T18:00:00+00:00,87253.0,87796.0,86109.0,86936.0,8424.00434,-0.0036397286850261665
2025-11-20T20:00:00+00:00,86937.0,87720.0,86343.0,87335.0,4946.07299,0.0045790831198056735
2025-11-20T22:00:00+00:00,87335.0,88282.0,86553.0,86650.0,4865.12288,-0.007874282718741136
2025-11-21T00:00:00+00:00,86650.0,87516.0,86606.0,87063.0,3618.56073,0.0047549783626363645
2025-11-21T02:00:00+00:00,87064.0,87083.0,85334.0,85807.0,7686.78877,-0.01453140627663151
2025-11-21T04:00:00+00:00,85808.0,86347.0,85387.0,86186.0,2464.75622,0.004407163238569701
2025-11-21T06:00:00+00:00,86188.0,86250.0,80255.0,84030.0,12205.44167,-0.025333873546062723
2025-11-21T08:00:00+00:00,84027.0,84677.0,82082.0,82210.0,9080.88152,-0.021896928776084835
2025-11-21T10:00:00+00:00,82209.0,83341.0,81651.0,82315.0,8248.63638,0.0012764019359430964
2025-11-21T12:00:00+00:00,82308.0,84411.0,80614.0,84104.0,15032.61464,0.021500777173544587
2025-11-21T14:00:00+00:00,84103.0,85457.0,82698.0,82898.0,14671.96365,-0.014443191875656179
2025-11-21T16:00:00+00:00,82898.0,85539.0,82288.0,84847.0,11410.37098,0.023238698145814602
2025-11-21T18:00:00+00:00,84835.0,85076.0,83251.0,84185.0,7880.29684,-0.007832876433925195
2025-11-21T20:00:00+00:00,84184.0,85403.0,83433.0,85166.0,5346.29885,0.01158553504659942
2025-11-21T22:00:00+00:00,85166.0,85389.0,84089.0,85111.0,5312.68371,-0.0006460062358713645
2025-11-22T00:00:00+00:00,85112.0,85611.0,84523.0,85139.0,4480.3683,0.0003289280499553159
2025-11-22T02:00:00+00:00,85138.0,85180.0,84166.0,84400.0,2668.94695,-0.008717813368535002
2025-11-22T04:00:00+00:00,84399.0,84502.0,83788.0,84250.0,1808.89574,-0.0017788323694402737
2025-11-22T06:00:00+00:00,84250.0,84763.0,84032.0,84547.0,1074.07907,0.0035190235192832453
2025-11-22T08:00:00+00:00,84547.0,84548.0,83820.0,83892.0,1982.84803,-0.0077773354339058486
2025-11-22T10:00:00+00:00,83891.0,84308.0,83450.0,84062.0,3260.0539,0.0020243645052303626
2025-11-22T12:00:00+00:00,84061.0,84114.0,83581.0,83906.0,1778.43248,-0.00185749720010765
2025-11-22T14:00:00+00:00,83908.0,84715.0,83908.0,84245.0,1585.22268,0.004032095667377411
2025-11-22T16:00:00+00:00,84245.0,84875.0,84184.0,84524.0,1848.32982,0.0033062974143321577
2025-11-22T18:00:00+00:00,84524.0,84774.0,84450.0,84571.0,864.11727,0.0005559005436039813
2025-11-22T20:00:00+00:00,84571.0,84789.0,84222.0,84378.0,2044.81211,-0.002284714132119008
2025-11-22T22:00:00+00:00,84377.0,85241.0,84241.0,84711.0,1924.57156,0.00393875923931789
2025-11-23T00:00:00+00:00,84711.0,86121.0,84648.0,85866.0,4314.09404,0.013542478201310167
2025-11-23T02:00:00+00:00,85866.0,86315.0,85662.0,86295.0,4477.82987,0.004983717426572728
2025-11-23T04:00:00+00:00,86296.0,86845.0,85957.0,86318.0,3632.41952,0.000266492096610594
2025-11-23T06:00:00+00:00,86319.0,86466.0,85357.0,85752.0,1670.98505,-0.006578741690758678
2025-11-23T08:00:00+00:00,85747.0,86439.0,85741.0,86368.0,1370.85571,0.007157827446375846
2025-11-23T10:00:00+00:00,86368.0,86420.0,85798.0,86284.0,1070.31531,-0.0009730557031237439
2025-11-23T12:00:00+00:00,86284.0,86917.0,86230.0,86917.0,2998.89387,0.00730945916403127
2025-11-23T14:00:00+00:00,86918.0,87200.0,86422.0,87060.0,2779.34594,0.0016438958276498456
2025-11-23T16:00:00+00:00,87061.0,87502.0,86451.0,86700.0,4742.61429,-0.004143652337655258
2025-11-23T18:00:00+00:00,86701.0,87643.0,86669.0,87289.0,3909.96994,0.006770568829153964
2025-11-23T20:00:00+00:00,87290.0,87979.0,87127.0,87969.0,2726.92211,0.007760027072670556
2025-11-23T22:00:00+00:00,87969.0,88130.0,86712.0,86807.0,5456.88246,-0.013297216112372199
2025-11-24T00:00:00+00:00,86807.0,87198.0,85881.0,87041.0,5083.11805,0.00269200843627444
2025-11-24T02:00:00+00:00,87041.0,88000.0,86998.0,87401.0,4192.30034,0.004127452231408922
2025-11-24T04:00:00+00:00,87405.0,87795.0,86382.0,87426.0,3763.3549,0.00028599701614056807
2025-11-24T06:00:00+00:00,87425.0,87471.0,86638.0,86996.0,2237.98155,-0.004930580673658203
2025-11-24T08:00:00+00:00,86995.0,86996.0,85776.0,85896.0,2757.99189,-0.012724878454279907
2025-11-24T10:00:00+00:00,85897.0,86429.0,85672.0,86255.0,3241.34625,0.004170763113873236
2025-11-24T12:00:00+00:00,86254.0,86561.0,85861.0,86126.0,2635.30251,-0.0014966849488134923
2025-11-24T14:00:00+00:00,86127.0,86708.0,85231.0,86621.0,8317.54383,0.005730940100850771
2025-11-24T16:00:00+00:00,86622.0,88408.0,86621.0,88307.0,7939.18671,0.019277099268244998
2025-11-24T18:00:00+00:00,88308.0,88796.0,88081.0,88291.0,5180.26798,-0.00018120250562041234
2025-11-24T20:00:00+00:00,88290.0,89165.0,88290.0,88715.0,4576.26511,0.0047908072151732276
2025-11-24T22:00:00+00:00,88713.0,89048.0,88189.0,88232.0,1859.81599,-0.005459275371696971
2025-11-25T00:00:00+00:00,88233.0,88234.0,87655.0,87676.0,1784.6866,-0.0063215072827404436
2025-11-25T02:00:00+00:00,87676.0,87990.0,87416.0,87767.0,2013.2036,0.001037374054944015
2025-11-25T04:00:00+00:00,87768.0,88473.0,87746.0,88049.0,2116.38657,0.00320790191825404
2025-11-25T06:00:00+00:00,88049.0,88089.0,87291.0,87346.0,1998.91532,-0.008016234950395435
2025-11-25T08:00:00+00:00,87346.0,87561.0,86637.0,87201.0,2743.92961,-0.001661444004821506
2025-11-25T10:00:00+00:00,87202.0,87507.0,86909.0,87313.0,1143.96529,0.0012835648186051924
2025-11-25T12:00:00+00:00,87314.0,87721.0,86801.0,87030.0,2791.09587,-0.0032464767562692086
2025-11-25T14:00:00+00:00,87031.0,87276.0,86050.0,86944.0,5987.98968,-0.0009886535574851166
2025-11-25T16:00:00+00:00,86945.0,88127.0,86675.0,87592.0,4659.32929,0.007425436327186462
2025-11-25T18:00:00+00:00,87591.0,87809.0,86129.0,86854.0,5130.17362,-0.008461121525460772
2025-11-25T20:00:00+00:00,86855.0,87436.0,86668.0,86984.0,4463.57638,0.001495645649785382
2025-11-25T22:00:00+00:00,86979.0,87857.0,86525.0,87332.0,5242.95503,0.003992754105421694
2025-11-26T00:00:00+00:00,87331.0,88232.0,87318.0,87891.0,3470.06507,0.006380462569643459
2025-11-26T02:00:00+00:00,87891.0,88069.0,87029.0,87079.0,2395.16922,-0.009281657763260683
2025-11-26T04:00:00+00:00,87080.0,87708.0,86847.0,87486.0,1999.33064,0.004663027954950296
2025-11-26T06:00:00+00:00,87486.0,87943.0,87408.0,87914.0,1341.60326,0.004880283346391798
2025-11-26T08:00:00+00:00,87908.0,87914.0,86718.0,86798.0,1518.52071,-0.012775483982403834
2025-11-26T10:00:00+00:00,86798.0,87068.0,86622.0,87057.0,1189.50734,0.002979496610438082
2025-11-26T12:00:00+00:00,87056.0,87142.0,86207.0,87101.0,3567.58931,0.000505288312178095
2025-11-26T14:00:00+00:00,87102.0,87636.0,86653.0,86936.0,3879.58831,-0.0018961490882569855
2025-11-26T16:00:00+00:00,86935.0,89900.0,86930.0,89773.0,7816.09995,0.03211204618642486
2025-11-26T18:00:00+00:00,89774.0,90371.0,89605.0,89916.0,5069.16088,0.001591639223198619
2025-11-26T20:00:00+00:00,89917.0,90421.0,89453.0,90133.0,2740.32128,0.0024104560988348132
2025-11-26T22:00:00+00:00,90133.0,90602.0,90064.0,90420.0,1371.22413,0.0031791245974502175
2025-11-27T00:00:00+00:00,90421.0,91210.0,90026.0,91087.0,1845.35078,0.007349611887484288
2025-11-27T02:00:00+00:00,91086.0,91852.0,90832.0,91049.0,4128.76239,-0.0004172706170264853
2025-11-27T04:00:00+00:00,91049.0,91524.0,90845.0,90922.0,3013.15974,-0.0013958270341962236
2025-11-27T06:00:00+00:00,90923.0,91469.0,90922.0,91370.0,1141.31086,0.00491520090780838
2025-11-27T08:00:00+00:00,91371.0,91911.0,91181.0,91524.0,1597.62936,0.0016840359595725566
2025-11-27T10:00:00+00:00,91526.0,91700.0,91255.0,91331.0,1685.30914,-0.002110963021738261
2025-11-27T12:00:00+00:00,91331.0,91414.0,90409.0,90805.0,2651.99629,-0.005775919777901643
2025-11-27T14:00:00+00:00,90806.0,90937.0,90525.0,90916.0,2563.02277,0.0012216531254508574
2025-11-27T16:00:00+00:00,90916.0,91606.0,90810.0,91454.0,2841.85281,0.005900110332903331
2025-11-27T18:00:00+00:00,91454.0,91822.0,91321.0,91489.0,1869.00756,0.00038263284659183005
2025-11-27T20:00:00+00:00,91489.0,91560.0,91182.0,91352.0,1159.1727,-0.0014985700760610883
2025-11-27T22:00:00+00:00,91352.0,91569.0,91064.0,91310.0,1985.88532,-0.00045986577109813245
2025-11-28T00:00:00+00:00,91310.0,91388.0,90751.0,90753.0,1209.60919,-0.006118780178447614
2025-11-28T02:00:00+00:00,90754.0,91265.0,90611.0,91161.0,1201.46736,0.004485643591078304
2025-11-28T04:00:00+00:00,91162.0,91700.0,91092.0,91605.0,1529.62729,0.0048586813023282684
2025-11-28T06:00:00+00:00,91605.0,91606.0,90842.0,90893.0,2367.62627,-0.007802864825789866
2025-11-28T08:00:00+00:00,90893.0,91830.0,90879.0,91582.0,1295.25831,0.007551755302506494
2025-11-28T10:00:00+00:00,91582.0,92019.0,91048.0,91418.0,1975.93734,-0.0017923502066057235
2025-11-28T12:00:00+00:00,91418.0,92650.0,91362.0,92347.0,2918.2411,0.010110825393287014
2025-11-28T14:00:00+00:00,92348.0,93089.0,91812.0,92312.0,6242.22233,-0.0003790771142389634
2025-11-28T16:00:00+00:00,92311.0,92332.0,90147.0,90532.0,7434.97674,-0.019470764524887274
2025-11-28T18:00:00+00:00,90531.0,91160.0,90378.0,91103.0,1985.97166,0.0062873552014500456
2025-11-28T20:00:00+00:00,91103.0,91195.0,90813.0,90820.0,1129.99174,-0.003111208899124261
2025-11-28T22:00:00+00:00,90821.0,91146.0,90654.0,90842.0,1653.45554,0.00024220805790474922
2025-11-29T00:00:00+00:00,90842.0,91064.0,90716.0,90827.0,1219.64202,-0.0001651354940478657
2025-11-29T02:00:00+00:00,90828.0,90879.0,90490.0,90636.0,878.1205,-0.0021051131143508804
2025-11-29T04:00:00+00:00,90637.0,90889.0,90509.0,90709.0,589.55877,0.0008050953039024346
2025-11-29T06:00:00+00:00,90709.0,90791.0,90251.0,90523.0,1775.88429,-0.002052618359950222
2025-11-29T08:00:00+00:00,90523.0,90684.0,90425.0,90513.0,470.75819,-0.00011047526470066249
2025-11-29T10:00:00+00:00,90513.0,90643.0,90329.0,90633.0,803.4956,0.0013248983422603582
2025-11-29T12:00:00+00:00,90633.0,90779.0,90478.0,90739.0,979.75877,0.0011688685361419737
2025-11-29T14:00:00+00:00,90739.0,91071.0,90577.0,91024.0,906.87827,0.003135954331326385
2025-11-29T16:00:00+00:00,91024.0,91140.0,90376.0,90377.0,1666.48407,-0.007133397760396679
2025-11-29T18:00:00+00:00,90377.0,90811.0,90091.0,90608.0,1554.55239,0.002552699123554269
2025-11-29T20:00:00+00:00,90608.0,91026.0,90365.0,90970.0,1127.10442,0.003987272462521232
2025-11-29T22:00:00+00:00,90971.0,90971.0,90650.0,90768.0,428.40481,-0.0022229812497591545
2025-11-30T00:00:00+00:00,90769.0,91021.0,90722.0,90870.0,417.19875,0.0011231131230442248
2025-11-30T02:00:00+00:00,90870.0,91002.0,90430.0,90872.0,998.42208,2.20092218647941e-05
2025-11-30T04:00:00+00:00,90871.0,90950.0,90621.0,90754.0,474.82448,-0.0012993736205424262
2025-11-30T06:00:00+00:00,90755.0,91000.0,90681.0,90930.0,371.8464,0.001937430429243349
2025-11-30T08:00:00+00:00,90930.0,91578.0,90897.0,91369.0,1276.66354,0.004816272701488469
2025-11-30T10:00:00+00:00,91368.0,91430.0,90949.0,91003.0,789.06481,-0.004013779432893696
2025-11-30T12:00:00+00:00,91003.0,91923.0,90959.0,91717.0,1031.66274,0.007815276205883981
2025-11-30T14:00:00+00:00,91718.0,91738.0,91214.0,91400.0,1175.21996,-0.0034622707521960346
2025-11-30T16:00:00+00:00,91399.0,91820.0,91270.0,91452.0,1354.3346,0.0005687660118763709
2025-11-30T18:00:00+00:00,91453.0,91462.0,91109.0,91419.0,455.70657,-0.00036091015369522195
2025-11-30T20:00:00+00:00,91419.0,91591.0,90849.0,91135.0,1322.24477,-0.0031114106413887015
2025-11-30T22:00:00+00:00,91135.0,91313.0,90293.0,90326.0,2321.97225,-0.008916575572454143
2025-12-01T00:00:00+00:00,90325.0,90376.0,86900.0,87117.0,12866.92234,-0.03617330533435284
2025-12-01T02:00:00+00:00,87117.0,87466.0,86135.0,86314.0,5459.67345,-0.009260233040508093
2025-12-01T04:00:00+00:00,86314.0,86326.0,85576.0,85974.0,3690.42257,-0.003946884767061023
2025-12-01T06:00:00+00:00,85974.0,86540.0,85944.0,86516.0,2426.64313,0.006284442968534436
2025-12-01T08:00:00+00:00,86516.0,86890.0,86348.0,86666.0,1856.02191,0.001732282079084591
2025-12-01T10:00:00+00:00,86666.0,86780.0,86088.0,86097.0,1555.65837,-0.006587082389068126
2025-12-01T12:00:00+00:00,86097.0,86195.0,84700.0,85955.0,8529.39231,-0.0016506641276147886
2025-12-01T14:00:00+00:00,85955.0,86652.0,83769.0,84645.0,10982.13354,-0.015357863404243784
2025-12-01T16:00:00+00:00,84645.0,85406.0,84000.0,84894.0,7098.12109,0.0029373793526570715
2025-12-01T18:00:00+00:00,84894.0,85509.0,84556.0,84990.0,4405.51116,0.0011301830686646455
2025-12-01T20:00:00+00:00,84989.0,86440.0,84975.0,86394.0,5588.15135,0.016384626443653478
2025-12-01T22:00:00+00:00,86392.0,86811.0,86178.0,86216.0,3685.9657,-0.002062453659657875
2025-12-02T00:00:00+00:00,86218.0,87295.0,86123.0,86396.0,2361.23811,0.00208560314747654
2025-12-02T02:00:00+00:00,86396.0,87055.0,86147.0,86928.0,2422.9617,0.006138811367160136
2025-12-02T04:00:00+00:00,86930.0,87228.0,86765.0,86963.0,1532.29877,0.00040255102877827736
2025-12-02T06:00:00+00:00,86963.0,87139.0,86811.0,86959.0,1331.12031,-4.599763113013951e-05
2025-12-02T08:00:00+00:00,86960.0,86996.0,86318.0,86717.0,2719.26186,-0.0027868002098098256
2025-12-02T10:00:00+00:00,86718.0,87562.0,86711.0,87325.0,1589.03399,0.0069868476958899785
2025-12-02T12:00:00+00:00,87325.0,87841.0,87005.0,87688.0,1996.31293,0.004148269220526517
2025-12-02T14:00:00+00:00,87687.0,91132.0,87556.0,90800.0,13046.2777,0.03487422569382527
2025-12-02T16:00:00+00:00,90800.0,91963.0,90165.0,91391.0,7845.08702,0.006487719733203347
2025-12-02T18:00:00+00:00,91390.0,92217.0,91322.0,91842.0,5473.29758,0.00492270399717416
2025-12-02T20:00:00+00:00,91841.0,91874.0,90667.0,91502.0,4151.34861,-0.0037088793715331857
2025-12-02T22:00:00+00:00,91502.0,91956.0,91228.0,91237.0,2241.20494,-0.002900313406125131
